<?xml version="1.0" encoding="UTF-8"?>
<files>
  <file name="snapd-dummy.deb" source="original">
    <mtime>1628876200</mtime>
    <size>764</size>
    <md5>18bfc507ba900abebc732ddba5f7882a</md5>
    <crc32>4c71f348</crc32>
    <sha1>4c7a858f8c054268f7e2de733ec8db1e6b59a635</sha1>
    <format>Unknown</format>
    <viruscheck>1628876559</viruscheck>
  </file>
  <file name="snapd-dummy_archive.torrent" source="metadata">
    <btih>0e75b7643516445a32be1978e400da1dc00952fd</btih>
    <mtime>1628876560</mtime>
    <size>1607</size>
    <md5>c660f69eace24691c6c1493cd08efe28</md5>
    <crc32>d6ff3eb3</crc32>
    <sha1>61012c0385d10e6da1b4b178977efecd537068a2</sha1>
    <format>Archive BitTorrent</format>
  </file>
  <file name="snapd-dummy_files.xml" source="original">
    <format>Metadata</format>
    <md5>bf18704b9a046e5f2101e1f481ddf99f</md5>
    <summation>md5</summation>
  </file>
  <file name="snapd-dummy_meta.sqlite" source="original">
    <mtime>1628876245</mtime>
    <size>20480</size>
    <md5>b10bbf22577b714debf930cb394033e8</md5>
    <crc32>9dd88e58</crc32>
    <sha1>d7667465897a77bbf01d19a477fef891776cb37e</sha1>
    <format>Metadata</format>
  </file>
  <file name="snapd-dummy_meta.xml" source="original">
    <mtime>1628876559</mtime>
    <size>915</size>
    <md5>df26f50a023bdfe9176e319348905f4a</md5>
    <crc32>8a018dea</crc32>
    <sha1>e89748bdba00eec164480298a8782a0d3719ccc4</sha1>
    <format>Metadata</format>
  </file>
</files>
