<?xml version="1.0" encoding="UTF-8"?>
<metadata>
  <identifier>snapd-dummy</identifier>
  <mediatype>software</mediatype>
  <collection>open_source_software</collection>
  <creator>hn1f</creator>
  <date>2021-08-07</date>
  <description>A package that stops snapd from getting installed onto your system.</description>
  <language>eng</language>
  <licenseurl>http://creativecommons.org/publicdomain/mark/1.0/</licenseurl>
  <scanner>Internet Archive HTML5 Uploader 1.6.4</scanner>
  <subject>debian</subject>
  <title>Dummy snapd package</title>
  <subject>deb</subject>
  <subject>snap</subject>
  <uploader>bobchesse491@gmail.com</uploader>
  <collection>community</collection>
  <publicdate>2021-08-13 17:37:16</publicdate>
  <addeddate>2021-08-13 17:37:16</addeddate>
  <curation>[curator]validator@archive.org[/curator][date]20210813174239[/date][comment]checked for malware[/comment]</curation>
</metadata>
