{
  "base": "vs",
  "inherit": true,
  "rules": [
    {
      "background": "FFFFFF",
      "token": ""
    },
    {
      "foreground": "000000",
      "token": "text"
    },
    {
      "foreground": "ee000b",
      "token": "constant.numeric - source.css"
    },
    {
      "foreground": "9a9a9a",
      "token": "comment"
    },
    {
      "foreground": "00359e",
      "token": "text.html meta.tag"
    },
    {
      "foreground": "001eff",
      "token": "text.html.basic meta.tag string.quoted - source"
    },
    {
      "foreground": "000000",
      "fontStyle": "bold",
      "token": "text.html.basic constant.character.entity.html"
    },
    {
      "foreground": "106800",
      "token": "text.html meta.tag.a - string"
    },
    {
      "foreground": "6d232e",
      "token": "text.html meta.tag.img - string"
    },
    {
      "foreground": "ff9700",
      "token": "text.html meta.tag.form - string"
    },
    {
      "foreground": "009079",
      "token": "text.html meta.tag.table - string"
    },
    {
      "foreground": "842b44",
      "token": "source.js.embedded.html punctuation.definition.tag - source.php"
    },
    {
      "foreground": "842b44",
      "token": "source.js.embedded.html entity.name.tag.script"
    },
    {
      "foreground": "842b44",
      "token": "source.js.embedded entity.other.attribute-name - source.js string"
    },
    {
      "foreground": "9a9a9a",
      "token": "source.js comment - source.php"
    },
    {
      "foreground": "000000",
      "token": "source.js meta.function - source.php"
    },
    {
      "foreground": "24c696",
      "token": "source.js meta.class - source.php"
    },
    {
      "foreground": "24c696",
      "token": "source.js support.function - source.php"
    },
    {
      "foreground": "0035ff",
      "token": "source.js string - source.php"
    },
    {
      "foreground": "0035ff",
      "token": "source.js keyword.operator"
    },
    {
      "foreground": "7e00b7",
      "token": "source.js support.class"
    },
    {
      "foreground": "000000",
      "fontStyle": "bold",
      "token": "source.js storage"
    },
    {
      "foreground": "05208c",
      "fontStyle": "bold",
      "token": "source.js storage - storage.type.function - source.php"
    },
    {
      "foreground": "05208c",
      "fontStyle": "bold",
      "token": "source.js constant - source.php"
    },
    {
      "foreground": "05208c",
      "fontStyle": "bold",
      "token": "source.js keyword - source.php"
    },
    {
      "foreground": "05208c",
      "fontStyle": "bold",
      "token": "source.js variable.language"
    },
    {
      "foreground": "05208c",
      "fontStyle": "bold",
      "token": "source.js meta.brace"
    },
    {
      "foreground": "05208c",
      "fontStyle": "bold",
      "token": "source.js punctuation.definition.parameters.begin"
    },
    {
      "foreground": "05208c",
      "fontStyle": "bold",
      "token": "source.js punctuation.definition.parameters.end"
    },
    {
      "foreground": "106800",
      "token": "source.js string.regexp"
    },
    {
      "foreground": "106800",
      "token": "source.js string.regexp constant"
    },
    {
      "foreground": "8d00b7",
      "token": "source.css.embedded.html punctuation.definition.tag"
    },
    {
      "foreground": "8d00b7",
      "token": "source.css.embedded.html entity.name.tag.style"
    },
    {
      "foreground": "8d00b7",
      "token": "source.css.embedded entity.other.attribute-name - meta.selector"
    },
    {
      "foreground": "009c7f",
      "fontStyle": "bold",
      "token": "source.css meta.at-rule.import.css"
    },
    {
      "foreground": "ee000b",
      "fontStyle": "bold",
      "token": "source.css keyword.other.important"
    },
    {
      "foreground": "430303",
      "fontStyle": "bold",
      "token": "source.css meta.at-rule.media"
    },
    {
      "foreground": "106800",
      "token": "source.css string"
    },
    {
      "foreground": "da29ff",
      "token": "source.css meta.selector"
    },
    {
      "foreground": "da29ff",
      "token": "source.css meta.property-list"
    },
    {
      "foreground": "da29ff",
      "token": "source.css meta.at-rule"
    },
    {
      "foreground": "da29ff",
      "fontStyle": "bold",
      "token": "source.css punctuation.separator - source.php"
    },
    {
      "foreground": "da29ff",
      "fontStyle": "bold",
      "token": "source.css punctuation.terminator - source.php"
    },
    {
      "foreground": "05208c",
      "token": "source.css meta.property-name"
    },
    {
      "foreground": "0035ff",
      "token": "source.css meta.property-value"
    },
    {
      "foreground": "ee000b",
      "fontStyle": "bold",
      "token": "source.php punctuation.section.embedded.begin"
    },
    {
      "foreground": "ee000b",
      "fontStyle": "bold",
      "token": "source.php punctuation.section.embedded.end"
    },
    {
      "foreground": "000000",
      "token": "source.php - punctuation.section"
    },
    {
      "foreground": "000000",
      "token": "source.php variable"
    },
    {
      "foreground": "000000",
      "token": "source.php meta.function.arguments"
    },
    {
      "foreground": "05208c",
      "token": "source.php punctuation - string - variable - meta.function"
    },
    {
      "foreground": "24bf96",
      "token": "source.php storage.type"
    },
    {
      "foreground": "009714",
      "token": "source.php keyword - comment"
    },
    {
      "foreground": "009714",
      "token": "source.php storage.type.class"
    },
    {
      "foreground": "009714",
      "token": "source.php storage.type.interface"
    },
    {
      "foreground": "009714",
      "token": "source.php storage.modifier"
    },
    {
      "foreground": "009714",
      "token": "source.php constant.language"
    },
    {
      "foreground": "0035ff",
      "token": "source.php support"
    },
    {
      "foreground": "0035ff",
      "token": "source.php storage"
    },
    {
      "foreground": "0035ff",
      "token": "source.php keyword.operator"
    },
    {
      "foreground": "0035ff",
      "token": "source.php storage.type.function"
    },
    {
      "foreground": "0092f2",
      "token": "source.php variable.other.global"
    },
    {
      "foreground": "551d02",
      "token": "source.php support.constant"
    },
    {
      "foreground": "551d02",
      "token": "source.php constant.language.php"
    },
    {
      "foreground": "e20000",
      "token": "source.php string"
    },
    {
      "foreground": "e20000",
      "token": "source.php string keyword.operator"
    },
    {
      "foreground": "ff6200",
      "token": "source.php string.quoted.double variable"
    },
    {
      "foreground": "ff9404",
      "token": "source.php comment"
    },
    {
      "foreground": "ee000b",
      "background": "efff8a",
      "fontStyle": "bold",
      "token": "invalid"
    }
  ],
  "colors": {
    "editor.foreground": "#000000",
    "editor.background": "#FFFFFF",
    "editor.selectionBackground": "#5EA0FF",
    "editor.lineHighlightBackground": "#00000012",
    "editorCursor.foreground": "#000000",
    "editorWhitespace.foreground": "#BFBFBF"
  }
}