{
    "Accessibility.dll": {
        "md5": "b2848fb95c0dfb24a314b6be187ec192",
        "size": "21256"
    },
    "clretwrc.dll": {
        "md5": "b73fd8be6bfa07e058b0390aaa936274",
        "size": "311048"
    },
    "clrgc.dll": {
        "md5": "1b58bf77ac779acd358c093f1c480420",
        "size": "669464"
    },
    "clrjit.dll": {
        "md5": "6f693250945cd0319b043242388697f0",
        "size": "1785608"
    },
    "coreclr.dll": {
        "md5": "bf9d7eecb45103efc84b78487f80417a",
        "size": "4999432"
    },
    "CrashSight64.dll": {
        "md5": "c415941f3327c038f0e0c6761c8125d6",
        "size": "5561936"
    },
    "createdump.exe": {
        "md5": "893eeb947cd7aea27951721445d3dc0a",
        "size": "61776"
    },
    "D3DCompiler_47_cor3.dll": {
        "md5": "a7349236212b0e5cec2978f2cfa49a1a",
        "size": "4916840"
    },
    "DirectWriteForwarder.dll": {
        "md5": "24c6db76b6a4909c14bc1471edf06faf",
        "size": "497928"
    },
    "getfilesiginforedist.dll": {
        "md5": "32b0533c76e313971332cf22355a9712",
        "size": "62968"
    },
    "getfilesiginforedistwrapper.dll": {
        "md5": "1ab883631210d1c6d8ea6b8ab1f45d93",
        "size": "17000"
    },
    "hostfxr.dll": {
        "md5": "546d5242c5b1e7f0f2e7e8f388268ed4",
        "size": "349976"
    },
    "hostpolicy.dll": {
        "md5": "923ee67ea7f058390fc72b7a2e6519eb",
        "size": "393496"
    },
    "hpatchz.exe": {
        "md5": "da9271b9869c109f2d22193780bd1297",
        "size": "472656"
    },
    "ICSharpCode.SharpZipLib.dll": {
        "md5": "d5339edb8f805adb2fbdf1b2755831e8",
        "size": "279120"
    },
    "KRCrashReportModule.dll": {
        "md5": "672ee23c5a5ebb307bda7cbaf8d229cd",
        "size": "433744"
    },
    "krfeapp.dat": {
        "md5": "53cf07fd707c2b6e53e76a197289c27a",
        "size": "12600205"
    },
    "KRInstallExternal.exe": {
        "md5": "bf898f118b5a8bade11c3284c9cc8b05",
        "size": "571984"
    },
    "KRLauncher.SkinRes.dll": {
        "md5": "fa8432d08515b63e579286f01bf09c80",
        "size": "498768"
    },
    "KRLauncherUpdater.SkinRes.dll": {
        "md5": "b34243ec38d68ecb92a0363bff73717e",
        "size": "4046928"
    },
    "KRLogModule.dll": {
        "md5": "2282d6706f232ff8421180db6b497513",
        "size": "447056"
    },
    "KRShmq.dll": {
        "md5": "1d482af0251c6fb481ad9bff5d57d4fc",
        "size": "45136"
    },
    "KRTrackReportModule.dll": {
        "md5": "5edefb633ff8d6b412631654b04808c1",
        "size": "445520"
    },
    "launcher_main.deps.json": {
        "md5": "79b629a60263b857a5b69b9af0b190d0",
        "size": "48499"
    },
    "launcher_main.dll": {
        "md5": "be31084440b89246f08f0745f45fe5aa",
        "size": "837200"
    },
    "launcher_main.exe": {
        "md5": "953d5b0345547eb5521ba287755c0b92",
        "size": "563280"
    },
    "launcher_main.runtimeconfig.json": {
        "md5": "3f63b264115f30b84eae7a1ef806aa20",
        "size": "525"
    },
    "launcher_updater.deps.json": {
        "md5": "1ea168d2d81001fe2942a81e21bd316d",
        "size": "44382"
    },
    "launcher_updater.dll": {
        "md5": "8d2420236a2279e2a3d51fc621b6f232",
        "size": "535632"
    },
    "launcher_updater.exe": {
        "md5": "bf773903541cd87f65833a000e3b3c49",
        "size": "563280"
    },
    "launcher_updater.runtimeconfig.json": {
        "md5": "3f63b264115f30b84eae7a1ef806aa20",
        "size": "525"
    },
    "libcrypto-3-x64.dll": {
        "md5": "74d7a0d26a1b2e5525184474cf38e32a",
        "size": "6050384"
    },
    "libcurl.dll": {
        "md5": "0a72766f0ded3eed7c4025a48e7b08ed",
        "size": "540752"
    },
    "mfc140u.dll": {
        "md5": "598536e5ce9c6b10db3579ac7b8bcc49",
        "size": "5821208"
    },
    "Microsoft.CSharp.dll": {
        "md5": "36fe0d68012eb4853433017eb37e97ec",
        "size": "1005856"
    },
    "Microsoft.DiaSymReader.Native.amd64.dll": {
        "md5": "e4dc9335fb0065d4b3066fcb8a878a9a",
        "size": "2195504"
    },
    "Microsoft.VisualBasic.Core.dll": {
        "md5": "b09ac8e92848b38e1a873304317489be",
        "size": "1247496"
    },
    "Microsoft.VisualBasic.dll": {
        "md5": "0b1d36cb40d2250be9fd98aaf1fa328b",
        "size": "19224"
    },
    "Microsoft.VisualBasic.Forms.dll": {
        "md5": "66697d36bb9e02211d869476f4085d89",
        "size": "248088"
    },
    "Microsoft.Web.WebView2.Core.dll": {
        "md5": "a53ba26a25f78f512cb2f393f9c96463",
        "size": "603712"
    },
    "Microsoft.Web.WebView2.Core.xml": {
        "md5": "f1d6fa1200cfbe57881605b03aec371f",
        "size": "630199"
    },
    "Microsoft.Web.WebView2.WinForms.dll": {
        "md5": "97b823df48a222490e6f5ded50d8bd25",
        "size": "38992"
    },
    "Microsoft.Web.WebView2.WinForms.xml": {
        "md5": "c09409aac254f17c1c648e6f0464b035",
        "size": "41393"
    },
    "Microsoft.Web.WebView2.Wpf.dll": {
        "md5": "ea666d4e676af786b0b8d7cbd3cb7aed",
        "size": "83536"
    },
    "Microsoft.Web.WebView2.Wpf.xml": {
        "md5": "5041fbf857f14bd56cb6ff35619424a4",
        "size": "143909"
    },
    "Microsoft.Win32.Primitives.dll": {
        "md5": "294b806182cb8085cb9efd89ce8964c3",
        "size": "15624"
    },
    "Microsoft.Win32.Registry.AccessControl.dll": {
        "md5": "b7e43b666bd790811d22779e939ad5dc",
        "size": "35088"
    },
    "Microsoft.Win32.Registry.dll": {
        "md5": "273ab0774b782cfb2f422fd896f9b35e",
        "size": "121104"
    },
    "Microsoft.Win32.SystemEvents.dll": {
        "md5": "a5943974ef8c05ad5ea810f1d69d2cc5",
        "size": "96528"
    },
    "mscordaccore.dll": {
        "md5": "8a413f73e3cdebd821c5fb67647547e5",
        "size": "1343520"
    },
    "mscordaccore_amd64_amd64_8.0.1325.6609.dll": {
        "md5": "8a413f73e3cdebd821c5fb67647547e5",
        "size": "1343520"
    },
    "mscordbi.dll": {
        "md5": "1a63856876f628be7384cdbce5504cba",
        "size": "1235512"
    },
    "mscorlib.dll": {
        "md5": "1ec0173a37ee23bf752b09325bb28c8e",
        "size": "59672"
    },
    "mscorrc.dll": {
        "md5": "4f09fe8bd53dca49bd3a2718110014ae",
        "size": "136984"
    },
    "msquic.dll": {
        "md5": "027854570a4412624becee78a10395c1",
        "size": "538136"
    },
    "msvcp140.dll": {
        "md5": "c1b066f9e3e2f3a6785161a8c7e0346a",
        "size": "627992"
    },
    "netstandard.dll": {
        "md5": "b4d60def7c6eee87d3cb02bb03fef3f5",
        "size": "101128"
    },
    "PenImc_cor3.dll": {
        "md5": "6fdc00cb42c094340a221378b6e26d7a",
        "size": "157960"
    },
    "PresentationCore.dll": {
        "md5": "e89d35e3a1fa9833f3c357053c331948",
        "size": "8542488"
    },
    "PresentationFramework-SystemCore.dll": {
        "md5": "60c76088fe6d6797a4ad2923f9abcff5",
        "size": "39184"
    },
    "PresentationFramework-SystemData.dll": {
        "md5": "45c4b76d0e11067ab7bfb66745a301b5",
        "size": "35096"
    },
    "PresentationFramework-SystemDrawing.dll": {
        "md5": "fbe7dfd44d40a9381775df8135dab8a4",
        "size": "35088"
    },
    "PresentationFramework-SystemXml.dll": {
        "md5": "f3db14d4a3d005a46725b95b033e1236",
        "size": "35128"
    },
    "PresentationFramework-SystemXmlLinq.dll": {
        "md5": "8a57606e9205a0e6d5df5675dfcd3fbc",
        "size": "31024"
    },
    "PresentationFramework.Aero.dll": {
        "md5": "ff330bef1e8b50c9b556aa70dc74bcf5",
        "size": "444688"
    },
    "PresentationFramework.Aero2.dll": {
        "md5": "06e0770e71c3949e506b96dfa36a8e9f",
        "size": "448800"
    },
    "PresentationFramework.AeroLite.dll": {
        "md5": "8512ebb9d91e93139736fd7df57c396f",
        "size": "239928"
    },
    "PresentationFramework.Classic.dll": {
        "md5": "26a3453f34448c247319eb166f362aa7",
        "size": "272696"
    },
    "PresentationFramework.dll": {
        "md5": "66c59499b7cde0b93619cef32c428107",
        "size": "16124168"
    },
    "PresentationFramework.Luna.dll": {
        "md5": "59342f65cf512ec9ee2709acc05d811e",
        "size": "670008"
    },
    "PresentationFramework.Royale.dll": {
        "md5": "dcf43341c475fad55f5a617a22950bd2",
        "size": "334136"
    },
    "PresentationNative_cor3.dll": {
        "md5": "1b7e26a5178d7e80ef9b5d1bf0c53763",
        "size": "1237280"
    },
    "PresentationUI.dll": {
        "md5": "8f3ed94dcf8d96da5d208cccfd9a20d1",
        "size": "1288504"
    },
    "ReachFramework.dll": {
        "md5": "0e23ef3be1f2586902e0988a7ac13583",
        "size": "1603888"
    },
    "Serilog.dll": {
        "md5": "df087c5758c173a2fff80cdba5e4785a",
        "size": "182352"
    },
    "Serilog.Enrichers.Thread.dll": {
        "md5": "290cc11414d595cb8ca8b1c1e6b4fd48",
        "size": "27728"
    },
    "Serilog.Sinks.Async.dll": {
        "md5": "c7f07d7a2bcdfad73fd9a3ca060f6804",
        "size": "35920"
    },
    "Serilog.Sinks.Console.dll": {
        "md5": "41d14614eb729cae1b69f61231b6cf6f",
        "size": "59472"
    },
    "Serilog.Sinks.Debug.dll": {
        "md5": "2d76446e882bc0b5c6f08b4336eb20d1",
        "size": "28240"
    },
    "Serilog.Sinks.File.dll": {
        "md5": "97b3fa0e03dd48eb12a1d1acad7d7140",
        "size": "51792"
    },
    "sqlite3.dll": {
        "md5": "6608c74fbbec3e3c98413f2f6f0082b1",
        "size": "2910800"
    },
    "System.AppContext.dll": {
        "md5": "08d48bbc266f2039d5c101a5ae39c753",
        "size": "15648"
    },
    "System.Buffers.dll": {
        "md5": "a172d80439a7de84b4a281d51af82195",
        "size": "15632"
    },
    "System.CodeDom.dll": {
        "md5": "b23a974781197810fef9d944f61858d3",
        "size": "489736"
    },
    "System.Collections.Concurrent.dll": {
        "md5": "03fa4b73398eb63e86b4e501f853af6d",
        "size": "276760"
    },
    "System.Collections.dll": {
        "md5": "8de78509e0728ed57c9a7e0b18f8db72",
        "size": "260376"
    },
    "System.Collections.Immutable.dll": {
        "md5": "35e6019bc2e64ee09da72a38bed97881",
        "size": "837912"
    },
    "System.Collections.NonGeneric.dll": {
        "md5": "36e09a1605c63884f2d640004574b7b7",
        "size": "104712"
    },
    "System.Collections.Specialized.dll": {
        "md5": "a9b2a241b6a9de4d0048aa8350608c6a",
        "size": "104720"
    },
    "System.ComponentModel.Annotations.dll": {
        "md5": "b916c131e19837293b5239a17885eb21",
        "size": "203032"
    },
    "System.ComponentModel.DataAnnotations.dll": {
        "md5": "0629faded1946b1a165d1e2cabc7e73c",
        "size": "17176"
    },
    "System.ComponentModel.dll": {
        "md5": "b2824f0227e2fa9e571b4838acff6a64",
        "size": "31000"
    },
    "System.ComponentModel.EventBasedAsync.dll": {
        "md5": "87dfce6dbaa4135330adb10acf4b6759",
        "size": "47392"
    },
    "System.ComponentModel.Primitives.dll": {
        "md5": "600b321d78df375d511a64c7ccb6e4bc",
        "size": "80136"
    },
    "System.ComponentModel.TypeConverter.dll": {
        "md5": "6c25849dce16fd186bc0246686a2be48",
        "size": "747800"
    },
    "System.Configuration.ConfigurationManager.dll": {
        "md5": "90f0ba777603b8026d4ab70ae67a34c1",
        "size": "1075512"
    },
    "System.Configuration.dll": {
        "md5": "8d1390308732d53f3c93ff78a3933fc4",
        "size": "19744"
    },
    "System.Console.dll": {
        "md5": "ce89ec50fadd938500698cec6a4cd860",
        "size": "174360"
    },
    "System.Core.dll": {
        "md5": "1069003e66618775a041ea356906560e",
        "size": "23832"
    },
    "System.Data.Common.dll": {
        "md5": "137dcadd8c7cd7ed91402efb168c9fd0",
        "size": "2861320"
    },
    "System.Data.DataSetExtensions.dll": {
        "md5": "caeaa699f988ff9a6ee54d781e67a153",
        "size": "16144"
    },
    "System.Data.dll": {
        "md5": "e3f3284f1239eaef4f5468a5087d39a7",
        "size": "25368"
    },
    "System.Design.dll": {
        "md5": "906d642563f67267425605f84604e2cd",
        "size": "22304"
    },
    "System.Diagnostics.Contracts.dll": {
        "md5": "6cf11d9207d90156a974a93eb3188e85",
        "size": "16664"
    },
    "System.Diagnostics.Debug.dll": {
        "md5": "9be75bcc4ffae9a54b1f63c8c2f6f4c1",
        "size": "16144"
    },
    "System.Diagnostics.DiagnosticSource.dll": {
        "md5": "b0d0777ffa7e490bd9ce0be881b0e7dc",
        "size": "416056"
    },
    "System.Diagnostics.EventLog.dll": {
        "md5": "22ff4cde17dcb73d6e9360d47588d757",
        "size": "387336"
    },
    "System.Diagnostics.EventLog.Messages.dll": {
        "md5": "5b0491483f5246754e3c254d975da550",
        "size": "801048"
    },
    "System.Diagnostics.FileVersionInfo.dll": {
        "md5": "bcbaaabb3992be40a3af08b6b5fb2d17",
        "size": "47368"
    },
    "System.Diagnostics.PerformanceCounter.dll": {
        "md5": "bfbf55df750c7c3595cf5293f672a204",
        "size": "289072"
    },
    "System.Diagnostics.Process.dll": {
        "md5": "71caf34f09838fbfcc34bc7a821c7d40",
        "size": "338200"
    },
    "System.Diagnostics.StackTrace.dll": {
        "md5": "31136f2ca6db9ee4fe777fe7ce88fe53",
        "size": "47392"
    },
    "System.Diagnostics.TextWriterTraceListener.dll": {
        "md5": "c608fa11c223e0952ba4032c5a4c8f22",
        "size": "67872"
    },
    "System.Diagnostics.Tools.dll": {
        "md5": "894ba3dd7795b397ab640e2ca87875dc",
        "size": "15624"
    },
    "System.Diagnostics.TraceSource.dll": {
        "md5": "d87991d38d1e495ff6cb7e607a83295a",
        "size": "145696"
    },
    "System.Diagnostics.Tracing.dll": {
        "md5": "902d64bf625069dd8c5cbd03ad1e9a08",
        "size": "16672"
    },
    "System.DirectoryServices.dll": {
        "md5": "72b6e94a456d9444f5dee92a73356f38",
        "size": "1046840"
    },
    "System.dll": {
        "md5": "ec8b8ed0ee9a8d687b3936fcaae06c25",
        "size": "50448"
    },
    "System.Drawing.Common.dll": {
        "md5": "fbfa9a0cf847b20521433515e9756c6d",
        "size": "1530136"
    },
    "System.Drawing.Design.dll": {
        "md5": "b94d70a6bd53a8568e24df77b5e54d50",
        "size": "15648"
    },
    "System.Drawing.dll": {
        "md5": "78d3cd9395ae0b960e33d4c3b3c1196e",
        "size": "21768"
    },
    "System.Drawing.Primitives.dll": {
        "md5": "971aaa09964d42250a124e194998f3ab",
        "size": "133408"
    },
    "System.Dynamic.Runtime.dll": {
        "md5": "332ed54f719c511884fc371ca844bb8d",
        "size": "16648"
    },
    "System.Formats.Asn1.dll": {
        "md5": "cd62d73fa56da07d3f0369b476625167",
        "size": "243984"
    },
    "System.Formats.Tar.dll": {
        "md5": "89df373a2d105860bd6560847c3d6a3a",
        "size": "272664"
    },
    "System.Globalization.Calendars.dll": {
        "md5": "35839eaf0846fa9c4c03ab7925915333",
        "size": "16152"
    },
    "System.Globalization.dll": {
        "md5": "b1238d28e1867a2d7f120a29292581ad",
        "size": "16144"
    },
    "System.Globalization.Extensions.dll": {
        "md5": "39deb4c78ccf681553a61b3fddfeb7d0",
        "size": "15640"
    },
    "System.IO.Compression.Brotli.dll": {
        "md5": "c783ec9880c35dfaed032c776d546967",
        "size": "84256"
    },
    "System.IO.Compression.dll": {
        "md5": "9b9375641c3caec431513117c966a43f",
        "size": "264472"
    },
    "System.IO.Compression.FileSystem.dll": {
        "md5": "bc0f83703cbe59ff9bcbcc4e7a7000c6",
        "size": "15632"
    },
    "System.IO.Compression.Native.dll": {
        "md5": "8b5dd7409180d36f39bfa1fca7801ab3",
        "size": "832280"
    },
    "System.IO.Compression.ZipFile.dll": {
        "md5": "bbced895f0847f2a3743475dc71bbddb",
        "size": "55576"
    },
    "System.IO.dll": {
        "md5": "25b889d5c9acf1cbfd7e0fd0b0f93c1d",
        "size": "16152"
    },
    "System.IO.FileSystem.AccessControl.dll": {
        "md5": "04dee91fd72b801a57b54e00181d2e7d",
        "size": "104712"
    },
    "System.IO.FileSystem.dll": {
        "md5": "a920295beccd15afc873853ae34a4eb9",
        "size": "16144"
    },
    "System.IO.FileSystem.DriveInfo.dll": {
        "md5": "be21219a7d314b2f63d8f93972587828",
        "size": "55560"
    },
    "System.IO.FileSystem.Primitives.dll": {
        "md5": "54df4f91d5241e5369d82dab04c0b1cd",
        "size": "15624"
    },
    "System.IO.FileSystem.Watcher.dll": {
        "md5": "703c23948867b5211d9041d8ee50d0b7",
        "size": "88352"
    },
    "System.IO.IsolatedStorage.dll": {
        "md5": "831f53deb11abf3277ae4c2ad14a8294",
        "size": "92440"
    },
    "System.IO.MemoryMappedFiles.dll": {
        "md5": "3043b401569d0a64c22c05f21ee56898",
        "size": "84256"
    },
    "System.IO.Packaging.dll": {
        "md5": "d1756e0c097c31d95202df1f0d01843f",
        "size": "293168"
    },
    "System.IO.Pipes.AccessControl.dll": {
        "md5": "2a17fa40fd84c4abddb8f6dceabb81b4",
        "size": "16672"
    },
    "System.IO.Pipes.dll": {
        "md5": "46215ddc7239be44524580604da250e9",
        "size": "166176"
    },
    "System.IO.UnmanagedMemoryStream.dll": {
        "md5": "6e97d5c3b8bb26461023a01d84080b63",
        "size": "15648"
    },
    "System.Linq.dll": {
        "md5": "b14d7019dd7d8d6308aafe058bba0aaa",
        "size": "543008"
    },
    "System.Linq.Expressions.dll": {
        "md5": "4264476b08795d4c8f7b64162ee032b8",
        "size": "3676448"
    },
    "System.Linq.Parallel.dll": {
        "md5": "670af021aee17fc77300c74d6c8e471f",
        "size": "805144"
    },
    "System.Linq.Queryable.dll": {
        "md5": "729a41b38918cb0dfbe7e65004ea79f4",
        "size": "174360"
    },
    "System.Management.dll": {
        "md5": "e1422b4c04b923dcfe00a55290dc18a6",
        "size": "311984"
    },
    "System.Memory.dll": {
        "md5": "0866ed892e41c3af5a498cc065f1bcbb",
        "size": "157960"
    },
    "System.Net.dll": {
        "md5": "e61b69e447dda58c3ca4ebe84922f796",
        "size": "17688"
    },
    "System.Net.Http.dll": {
        "md5": "d024ddb81b4bc568e4b9dc513ac7bb02",
        "size": "1730840"
    },
    "System.Net.Http.Json.dll": {
        "md5": "fee00214ef332c59a9755c3966aeb9b0",
        "size": "129288"
    },
    "System.Net.HttpListener.dll": {
        "md5": "117f0e4a94f40951dafa09143fe0061c",
        "size": "551184"
    },
    "System.Net.Mail.dll": {
        "md5": "f8cdbf432539a7522ebdd42a233bd7aa",
        "size": "432408"
    },
    "System.Net.NameResolution.dll": {
        "md5": "3fcda2f3122883e9c218d06ff904d4e3",
        "size": "112920"
    },
    "System.Net.NetworkInformation.dll": {
        "md5": "16a8edfb012a9f8a743edec8e3326242",
        "size": "157968"
    },
    "System.Net.Ping.dll": {
        "md5": "29b8d986d64ad6c2d05d57a6264b770b",
        "size": "96544"
    },
    "System.Net.Primitives.dll": {
        "md5": "0224e235d66cfbd69f94d61ae8dd9bbb",
        "size": "231688"
    },
    "System.Net.Quic.dll": {
        "md5": "61e45247baf0e4b48989ecb848c00d8a",
        "size": "284952"
    },
    "System.Net.Requests.dll": {
        "md5": "da00e0e4d451f6f5f428ee8835db35e6",
        "size": "346376"
    },
    "System.Net.Security.dll": {
        "md5": "4f66b9c409d46b2692a48b9754c5caa1",
        "size": "669976"
    },
    "System.Net.ServicePoint.dll": {
        "md5": "63031a998d60c56589df3599da4d6b19",
        "size": "47368"
    },
    "System.Net.Sockets.dll": {
        "md5": "7dc91988229ef8dc3d617da31092ec0e",
        "size": "547080"
    },
    "System.Net.WebClient.dll": {
        "md5": "bfeb95a1a49f134c5a51127295abe070",
        "size": "170248"
    },
    "System.Net.WebHeaderCollection.dll": {
        "md5": "b19eb20b1f03a74c8a54523ad54f32a8",
        "size": "67848"
    },
    "System.Net.WebProxy.dll": {
        "md5": "5dafa3a83175c34856ff3fa5f21689cd",
        "size": "43272"
    },
    "System.Net.WebSockets.Client.dll": {
        "md5": "c7654759f5e8bc20de89f35460f536bc",
        "size": "100616"
    },
    "System.Net.WebSockets.dll": {
        "md5": "14dc1436f74a17399bf0e91e00364257",
        "size": "190736"
    },
    "System.Numerics.dll": {
        "md5": "564d79edd417e072cb0bb9af6e72ba0e",
        "size": "15632"
    },
    "System.Numerics.Vectors.dll": {
        "md5": "fd63e0fa085eb10ac293b5a81fbb7726",
        "size": "16152"
    },
    "System.ObjectModel.dll": {
        "md5": "766e695ac4c6a1b2c3a8c8ffa02b76e6",
        "size": "80136"
    },
    "System.Printing.dll": {
        "md5": "7a557d7a1fe4efc9b544a21482578117",
        "size": "977200"
    },
    "System.Private.CoreLib.dll": {
        "md5": "1e2a1b602a1b1082b7c082667b5625b5",
        "size": "13175056"
    },
    "System.Private.DataContractSerialization.dll": {
        "md5": "474632e5aca29c66211f8022709079f3",
        "size": "2083088"
    },
    "System.Private.Uri.dll": {
        "md5": "9c15dc9d9ef4fb96bacf92424003186b",
        "size": "260376"
    },
    "System.Private.Xml.dll": {
        "md5": "f78e70e7c0ecdb22e724d65949ee3ce8",
        "size": "7989560"
    },
    "System.Private.Xml.Linq.dll": {
        "md5": "1bb5b353f3d217c08c2cb7c880754118",
        "size": "403736"
    },
    "System.Reflection.DispatchProxy.dll": {
        "md5": "4e3d8a8d15c0617bfc0a0678840a24ef",
        "size": "76040"
    },
    "System.Reflection.dll": {
        "md5": "3a46dd6eefc2f348572b7aea38185225",
        "size": "16664"
    },
    "System.Reflection.Emit.dll": {
        "md5": "3c5b30b7535523c3cb87650a53f40e04",
        "size": "129304"
    },
    "System.Reflection.Emit.ILGeneration.dll": {
        "md5": "3fc27eea53ac929ac9ebf9603ca2195b",
        "size": "16152"
    },
    "System.Reflection.Emit.Lightweight.dll": {
        "md5": "8cb9670c5faea4490855bbd781d58f53",
        "size": "16152"
    },
    "System.Reflection.Extensions.dll": {
        "md5": "d3b1e54cab6cd5c52d42aa4268a09aaa",
        "size": "15648"
    },
    "System.Reflection.Metadata.dll": {
        "md5": "a63f4500fd4ede9dd0425d9a156ff6bc",
        "size": "1116440"
    },
    "System.Reflection.Primitives.dll": {
        "md5": "026c9d59e5ecb7b43453503cf9a3b9f4",
        "size": "16136"
    },
    "System.Reflection.TypeExtensions.dll": {
        "md5": "42c289c480408b1ffb3b5bac076a740b",
        "size": "43288"
    },
    "System.Resources.Extensions.dll": {
        "md5": "b798590340c8f44de59a78acece4fcb3",
        "size": "137520"
    },
    "System.Resources.Reader.dll": {
        "md5": "95253e475ac6317eddb49f9893e19595",
        "size": "15640"
    },
    "System.Resources.ResourceManager.dll": {
        "md5": "7a8775eb147bbc5c3af7ab0d11634afa",
        "size": "16136"
    },
    "System.Resources.Writer.dll": {
        "md5": "451277880620464556fcaa474050d3ee",
        "size": "51488"
    },
    "System.Runtime.CompilerServices.Unsafe.dll": {
        "md5": "438349f3ca7f86ea571b5162d2fd1bc6",
        "size": "15640"
    },
    "System.Runtime.CompilerServices.VisualC.dll": {
        "md5": "e642f9e1735f88f2c55b1321d4cda57e",
        "size": "30992"
    },
    "System.Runtime.dll": {
        "md5": "8b8e3670dc1bbd3783d5343cb9115b80",
        "size": "43784"
    },
    "System.Runtime.Extensions.dll": {
        "md5": "e25ab661099f48ebd96001a04c1242dc",
        "size": "18184"
    },
    "System.Runtime.Handles.dll": {
        "md5": "22f44d37fa72dfa204a31c4bfa271740",
        "size": "15640"
    },
    "System.Runtime.InteropServices.dll": {
        "md5": "1028a0702ddb0434f0a1801380f5b98b",
        "size": "96536"
    },
    "System.Runtime.InteropServices.JavaScript.dll": {
        "md5": "7ca0b889d84fdb041f0a4feb9ce4dabf",
        "size": "51464"
    },
    "System.Runtime.InteropServices.RuntimeInformation.dll": {
        "md5": "1fc352e388d2d1d9b554b577f490e823",
        "size": "15640"
    },
    "System.Runtime.Intrinsics.dll": {
        "md5": "4fef3f1e958b040fe5863b48130b8e52",
        "size": "17176"
    },
    "System.Runtime.Loader.dll": {
        "md5": "bc3e1b921d7b68bfc377ec62ffbe6652",
        "size": "16152"
    },
    "System.Runtime.Numerics.dll": {
        "md5": "921e146cb36ada9ca96c6ac4a055d61c",
        "size": "330008"
    },
    "System.Runtime.Serialization.dll": {
        "md5": "f296501e0fc0f30a1f9ab95db9120af3",
        "size": "17168"
    },
    "System.Runtime.Serialization.Formatters.dll": {
        "md5": "8af7432c78efa2c8066074ffb87b49bf",
        "size": "309520"
    },
    "System.Runtime.Serialization.Json.dll": {
        "md5": "24ac78d2eb3bec49df70f495ae266005",
        "size": "16160"
    },
    "System.Runtime.Serialization.Primitives.dll": {
        "md5": "8af92d51410129df90cc198a45d44d24",
        "size": "39176"
    },
    "System.Runtime.Serialization.Xml.dll": {
        "md5": "ddc2bb8a1acb19576aa1bd0350ceefdb",
        "size": "17160"
    },
    "System.Security.AccessControl.dll": {
        "md5": "23a1660842b6ff14623cfe90888496e7",
        "size": "231704"
    },
    "System.Security.Claims.dll": {
        "md5": "ebf5026939dd09b8d718f0f20eddec45",
        "size": "100632"
    },
    "System.Security.Cryptography.Algorithms.dll": {
        "md5": "e74be2ccc4eb3b867647b9e86d976a34",
        "size": "17672"
    },
    "System.Security.Cryptography.Cng.dll": {
        "md5": "bbd81219bfab3767387859e989e377e0",
        "size": "16648"
    },
    "System.Security.Cryptography.Csp.dll": {
        "md5": "e6d7ef6e1456b197bd1650c678221fca",
        "size": "16136"
    },
    "System.Security.Cryptography.dll": {
        "md5": "43ae682161216269fac7ef3d701e0c7f",
        "size": "2050336"
    },
    "System.Security.Cryptography.Encoding.dll": {
        "md5": "75d2d0bcf4c213f27c181b1d4628ce93",
        "size": "16136"
    },
    "System.Security.Cryptography.OpenSsl.dll": {
        "md5": "605025c77542ffd08ca27bc653418828",
        "size": "15640"
    },
    "System.Security.Cryptography.Pkcs.dll": {
        "md5": "48fdbb58cde92b1c49c09de235431e99",
        "size": "760088"
    },
    "System.Security.Cryptography.Primitives.dll": {
        "md5": "8460f79b7c969d2d870de620383c5138",
        "size": "16136"
    },
    "System.Security.Cryptography.ProtectedData.dll": {
        "md5": "e7c66986a32c43668275fdcb1f96368e",
        "size": "55576"
    },
    "System.Security.Cryptography.X509Certificates.dll": {
        "md5": "eaaccc7ac93c836f95cb2e713bd43696",
        "size": "17160"
    },
    "System.Security.Cryptography.Xml.dll": {
        "md5": "38b47944b1863b99e161d8b97e6ea468",
        "size": "456968"
    },
    "System.Security.dll": {
        "md5": "295870abbfbdb701283cf0ffa9b6a9ea",
        "size": "18696"
    },
    "System.Security.Permissions.dll": {
        "md5": "e3bbac66eba8e23b2e461a45c36260de",
        "size": "186632"
    },
    "System.Security.Principal.dll": {
        "md5": "deae3831953986b49c2ce15f47e4a8ed",
        "size": "15632"
    },
    "System.Security.Principal.Windows.dll": {
        "md5": "1011e19109c7453b7482c23dd2560826",
        "size": "186632"
    },
    "System.Security.SecureString.dll": {
        "md5": "120f25208e2c6eb46baac7089033e53a",
        "size": "15648"
    },
    "System.ServiceModel.Web.dll": {
        "md5": "2a3fb58b1f9420c0cacc86ea72fe4790",
        "size": "17192"
    },
    "System.ServiceProcess.dll": {
        "md5": "9e7935a40371fd4326688fd0b7b88903",
        "size": "16152"
    },
    "System.Text.Encoding.CodePages.dll": {
        "md5": "eef84b728d1055af1421a2ed52b58ebc",
        "size": "862488"
    },
    "System.Text.Encoding.dll": {
        "md5": "df25ce64c2d233b09a70b882affc305e",
        "size": "16160"
    },
    "System.Text.Encoding.Extensions.dll": {
        "md5": "4c9721059cbb419ba3aad1aeeb750e4a",
        "size": "16152"
    },
    "System.Text.Encodings.Web.dll": {
        "md5": "faa6626d5b657f384087dd769e7c1eca",
        "size": "133384"
    },
    "System.Text.Json.dll": {
        "md5": "7c72cdf4e7ff2d0f3eba79b45197a693",
        "size": "1501456"
    },
    "System.Text.RegularExpressions.dll": {
        "md5": "30c3dc26c1459237626ff898eb510e22",
        "size": "1022232"
    },
    "System.Threading.AccessControl.dll": {
        "md5": "0acb5d4a1705cc6920cb4b002ba9ba1b",
        "size": "84232"
    },
    "System.Threading.Channels.dll": {
        "md5": "c99e49c4d774d31c1f69ecc5441797fd",
        "size": "133408"
    },
    "System.Threading.dll": {
        "md5": "55107bf7fecce94cd259ba8032b078a6",
        "size": "84240"
    },
    "System.Threading.Overlapped.dll": {
        "md5": "234cbe65440217074c3c8341dde78ef0",
        "size": "16144"
    },
    "System.Threading.Tasks.Dataflow.dll": {
        "md5": "9d4779a5b3e5142fa334304b807c5668",
        "size": "489736"
    },
    "System.Threading.Tasks.dll": {
        "md5": "c96b19c553fc3bd28de04e7246a91049",
        "size": "17184"
    },
    "System.Threading.Tasks.Extensions.dll": {
        "md5": "142ac7668eb3efa83748bc7053108556",
        "size": "16152"
    },
    "System.Threading.Tasks.Parallel.dll": {
        "md5": "29aec8a2b8116e6c13dd53fef071fd41",
        "size": "133384"
    },
    "System.Threading.Thread.dll": {
        "md5": "b05087d144701909bede90e61920e21d",
        "size": "16152"
    },
    "System.Threading.ThreadPool.dll": {
        "md5": "0cfc6170b67d1c9e53bc10e692f7047c",
        "size": "16152"
    },
    "System.Threading.Timer.dll": {
        "md5": "46658c675c17fcb39612e83b73e5fd8e",
        "size": "15648"
    },
    "System.Transactions.dll": {
        "md5": "363cd6808b335d6c8480afefa7043692",
        "size": "16664"
    },
    "System.Transactions.Local.dll": {
        "md5": "63b98264043cc5b1bc4a1af747a17ba2",
        "size": "661776"
    },
    "System.ValueTuple.dll": {
        "md5": "e0f4ac67d57af23c5aebfff72d77293e",
        "size": "15648"
    },
    "System.Web.dll": {
        "md5": "277ba6c2e19353605b345d8b77340836",
        "size": "15648"
    },
    "System.Web.HttpUtility.dll": {
        "md5": "8518673ff33e180b08ef6115a10a32f1",
        "size": "59672"
    },
    "System.Windows.Controls.Ribbon.dll": {
        "md5": "3396d8271d96b3fec880feb4d40e6f4d",
        "size": "1452336"
    },
    "System.Windows.dll": {
        "md5": "c07e32107f24ff656b37af1c45189458",
        "size": "16152"
    },
    "System.Windows.Extensions.dll": {
        "md5": "92ea3cc8b4c3fd0eeb4a6aabb660441e",
        "size": "117000"
    },
    "System.Windows.Forms.Design.dll": {
        "md5": "9a1ec8d03f557a4860f2cc3d6731ddc3",
        "size": "5564696"
    },
    "System.Windows.Forms.Design.Editors.dll": {
        "md5": "d203ea29e786675cfb06c86ba7d4a3c0",
        "size": "16672"
    },
    "System.Windows.Forms.dll": {
        "md5": "ae36195a0c31069ef70c635a08a282f2",
        "size": "13564216"
    },
    "System.Windows.Forms.Primitives.dll": {
        "md5": "1ad45b03409b587ed9426d53b671c646",
        "size": "3012920"
    },
    "System.Windows.Input.Manipulations.dll": {
        "md5": "113e8b180b869630ff7f0e11ac5a1e16",
        "size": "137480"
    },
    "System.Windows.Presentation.dll": {
        "md5": "2b64a01841ab8004bed556760a938a4e",
        "size": "31032"
    },
    "System.Xaml.dll": {
        "md5": "4b7174ae403c249fcd11f51d9acd6f5a",
        "size": "1419536"
    },
    "System.Xml.dll": {
        "md5": "33313dc0074b727a340a24916f4358d8",
        "size": "23816"
    },
    "System.Xml.Linq.dll": {
        "md5": "68d60add06b914de050cf7a8639d0b9c",
        "size": "16136"
    },
    "System.Xml.ReaderWriter.dll": {
        "md5": "ef2ec06a72283eb538e7146d134701dd",
        "size": "22296"
    },
    "System.Xml.Serialization.dll": {
        "md5": "3e9af046cb11dbcf7bfeb417836c1384",
        "size": "16664"
    },
    "System.Xml.XDocument.dll": {
        "md5": "0873aca1b29ad505521bd8bc43e34eec",
        "size": "16152"
    },
    "System.Xml.XmlDocument.dll": {
        "md5": "d14f718d5a88406131834ffa5fdb4be1",
        "size": "16152"
    },
    "System.Xml.XmlSerializer.dll": {
        "md5": "9adf76bddfffe23002185de7f5fe0c7f",
        "size": "18200"
    },
    "System.Xml.XPath.dll": {
        "md5": "be5420821ecb8c89c9e440b7b48d1547",
        "size": "16152"
    },
    "System.Xml.XPath.XDocument.dll": {
        "md5": "2b576612bf365419b4b6378a35409e54",
        "size": "31000"
    },
    "thinkingdata.dll": {
        "md5": "83e07629e7756bb23cc80489d74aa91f",
        "size": "335440"
    },
    "UIAutomationClient.dll": {
        "md5": "4a84be6f90b57b4032bcbcbd352abc95",
        "size": "416048"
    },
    "UIAutomationClientSideProviders.dll": {
        "md5": "c85ddd7167851d552d08577bf5c30c04",
        "size": "870704"
    },
    "UIAutomationProvider.dll": {
        "md5": "f80c7a18932f6047d60e2696fc81cd1a",
        "size": "59704"
    },
    "UIAutomationTypes.dll": {
        "md5": "4f505eb47e5d1c84bbd066c9bcbdfb4f",
        "size": "313616"
    },
    "vcruntime140.dll": {
        "md5": "1453290db80241683288f33e6dd5e80e",
        "size": "85784"
    },
    "vcruntime140_cor3.dll": {
        "md5": "233a82e05d309599b084efaeafdf784b",
        "size": "120184"
    },
    "WebView2Loader.dll": {
        "md5": "c9a5d0f278d57d83a03404b8baeeac64",
        "size": "165968"
    },
    "WindowsBase.dll": {
        "md5": "ed3a94f1ab198b019eec493ce25d9a9b",
        "size": "2255160"
    },
    "WindowsFormsIntegration.dll": {
        "md5": "8671798103b5b00aa7a6769ab20d84fa",
        "size": "211248"
    },
    "WpfAnimatedGif.dll": {
        "md5": "17631fee715a98d70f0535677089e2ae",
        "size": "64080"
    },
    "wpfgfx_cor3.dll": {
        "md5": "80ac85323f529468130f14cace2c623d",
        "size": "1959696"
    },
    "zlibwapi.dll": {
        "md5": "cfc88dffdc4257d73f4eb7583be0b010",
        "size": "137296"
    },
    "Assets\\KRApp.conf": {
        "md5": "bd997106452985bd9fb0eb064c417a09",
        "size": "2900"
    },
    "cs\\Microsoft.VisualBasic.Forms.resources.dll": {
        "md5": "8d0638d3c9966eb437b2606414f8c53c",
        "size": "25872"
    },
    "cs\\PresentationCore.resources.dll": {
        "md5": "f081c19c26db5ca5cec7db40b8758254",
        "size": "108832"
    },
    "cs\\PresentationFramework.resources.dll": {
        "md5": "ae841f7b284dc5709c5fdff79f13014b",
        "size": "196888"
    },
    "cs\\PresentationUI.resources.dll": {
        "md5": "acacf7233652d18abb4e805df2748d60",
        "size": "45832"
    },
    "cs\\ReachFramework.resources.dll": {
        "md5": "032c2a14935750663c4429048ab7b00b",
        "size": "39176"
    },
    "cs\\System.Windows.Controls.Ribbon.resources.dll": {
        "md5": "1f55815a99f06f98a4bd7ffe20a0b8d4",
        "size": "18744"
    },
    "cs\\System.Windows.Forms.Design.resources.dll": {
        "md5": "f0fe447740d785c1f07c96967db9efbd",
        "size": "149272"
    },
    "cs\\System.Windows.Forms.Primitives.resources.dll": {
        "md5": "9d12bcf4413da9ff62f50010ed1edba4",
        "size": "16136"
    },
    "cs\\System.Windows.Forms.resources.dll": {
        "md5": "bfae31fab33e61d6a7af2d8be44f44f0",
        "size": "365832"
    },
    "cs\\System.Windows.Input.Manipulations.resources.dll": {
        "md5": "8d8cfa18afe2e150b270a6f8a140f31c",
        "size": "16664"
    },
    "cs\\System.Xaml.resources.dll": {
        "md5": "238eb4113782618a1d0244692ed4f39a",
        "size": "65336"
    },
    "cs\\UIAutomationClient.resources.dll": {
        "md5": "7b5c1fc5d8fa74ece67e657a1db06a25",
        "size": "20272"
    },
    "cs\\UIAutomationClientSideProviders.resources.dll": {
        "md5": "dfe43f06be38b4e53ac2d75703359c23",
        "size": "21264"
    },
    "cs\\UIAutomationProvider.resources.dll": {
        "md5": "e33a3dd603fe96530ee00e7292d00c1f",
        "size": "15624"
    },
    "cs\\UIAutomationTypes.resources.dll": {
        "md5": "c74566bfbee281d0e142cd7b2d38c2b4",
        "size": "18696"
    },
    "cs\\WindowsBase.resources.dll": {
        "md5": "38fd06724102c83e28eac527d1a98b63",
        "size": "86800"
    },
    "cs\\WindowsFormsIntegration.resources.dll": {
        "md5": "498dba4080ed519ff16576938c2d8743",
        "size": "16136"
    },
    "de\\launcher_main.resources.dll": {
        "md5": "c383e1dc4858b43322797c241652fa67",
        "size": "25168"
    },
    "de\\launcher_updater.resources.dll": {
        "md5": "3a878615a5beaeb1e79fa2041b4083f5",
        "size": "26704"
    },
    "de\\Microsoft.VisualBasic.Forms.resources.dll": {
        "md5": "c7d3bce564515b62e1cb250ca723bdd5",
        "size": "25864"
    },
    "de\\PresentationCore.resources.dll": {
        "md5": "5593eaaf74db5418004f5f7f1ea91b46",
        "size": "114480"
    },
    "de\\PresentationFramework.resources.dll": {
        "md5": "a1259787e9cdd2a3eca6991dc9a47296",
        "size": "213768"
    },
    "de\\PresentationUI.resources.dll": {
        "md5": "5a307fbcb3e5fadf2be5d4410bff84b6",
        "size": "47384"
    },
    "de\\ReachFramework.resources.dll": {
        "md5": "3236499380d36e513362eaa4cf752b84",
        "size": "39688"
    },
    "de\\System.Windows.Controls.Ribbon.resources.dll": {
        "md5": "3152fbf9649ffddd99d87059df557705",
        "size": "18696"
    },
    "de\\System.Windows.Forms.Design.resources.dll": {
        "md5": "b2b613ac9f3a3c4143264fa89bc739f8",
        "size": "149792"
    },
    "de\\System.Windows.Forms.Primitives.resources.dll": {
        "md5": "fdd61838a55e4cacc62de68e80568ff9",
        "size": "16152"
    },
    "de\\System.Windows.Forms.resources.dll": {
        "md5": "afc7518a83f9bd924485901726ec8e69",
        "size": "374040"
    },
    "de\\System.Windows.Input.Manipulations.resources.dll": {
        "md5": "2a67dc827c9c9c52e74e7ed2118bb537",
        "size": "16648"
    },
    "de\\System.Xaml.resources.dll": {
        "md5": "b573c1e8aa1adeb4c2fd71e86e4ddd2e",
        "size": "68888"
    },
    "de\\UIAutomationClient.resources.dll": {
        "md5": "6d56d584e97f0ae000e9cad90b9284c7",
        "size": "20240"
    },
    "de\\UIAutomationClientSideProviders.resources.dll": {
        "md5": "6fb015d63727aebe25a8b66b8ce92547",
        "size": "21256"
    },
    "de\\UIAutomationProvider.resources.dll": {
        "md5": "c3787aafbafac4520bed4313740ae3f5",
        "size": "15664"
    },
    "de\\UIAutomationTypes.resources.dll": {
        "md5": "c64565860e5326c6585871ac1b404ff9",
        "size": "18696"
    },
    "de\\WindowsBase.resources.dll": {
        "md5": "96a036da55489aa2924b4909662f772a",
        "size": "91400"
    },
    "de\\WindowsFormsIntegration.resources.dll": {
        "md5": "0061d4257c43b570e44f85a67d4d9082",
        "size": "16152"
    },
    "en\\launcher_main.resources.dll": {
        "md5": "93da3906008df34767eec01524319432",
        "size": "25168"
    },
    "en\\launcher_updater.resources.dll": {
        "md5": "f2b7e060071e97077b1158a67056af69",
        "size": "26704"
    },
    "es\\launcher_main.resources.dll": {
        "md5": "0a650413de51dfe3a64dc0a8c93c3782",
        "size": "25168"
    },
    "es\\launcher_updater.resources.dll": {
        "md5": "97f5c8b339bbceb4f25dbcec2618ba9d",
        "size": "26704"
    },
    "es\\Microsoft.VisualBasic.Forms.resources.dll": {
        "md5": "6a35f071f6274401627d06d6d3bedf08",
        "size": "25864"
    },
    "es\\PresentationCore.resources.dll": {
        "md5": "606c9738da2968561e019fa40a15dd9e",
        "size": "110384"
    },
    "es\\PresentationFramework.resources.dll": {
        "md5": "cd124dc265e3363f06a6e019b200e98e",
        "size": "203528"
    },
    "es\\PresentationUI.resources.dll": {
        "md5": "c3dd5f5c46f8188ad68ad00426ce6660",
        "size": "45848"
    },
    "es\\ReachFramework.resources.dll": {
        "md5": "fd293de15125ea6fc0bed0125e60a8ae",
        "size": "39736"
    },
    "es\\System.Windows.Controls.Ribbon.resources.dll": {
        "md5": "0b647ff95ff29d8cfeb3a3cdd8e28f2f",
        "size": "18712"
    },
    "es\\System.Windows.Forms.Design.resources.dll": {
        "md5": "17ac6a87f158bce11fc5d4b331beb0fc",
        "size": "149776"
    },
    "es\\System.Windows.Forms.Primitives.resources.dll": {
        "md5": "d437d85b6459b40f48efeb591723859e",
        "size": "16144"
    },
    "es\\System.Windows.Forms.resources.dll": {
        "md5": "58584f54aa874255084c8f107eb9aa5c",
        "size": "366360"
    },
    "es\\System.Windows.Input.Manipulations.resources.dll": {
        "md5": "745910864c4a533a14f50739dec12474",
        "size": "16656"
    },
    "es\\System.Xaml.resources.dll": {
        "md5": "a7c7976eb8f544e49825093792e0b61d",
        "size": "66328"
    },
    "es\\UIAutomationClient.resources.dll": {
        "md5": "e28045ceed2f931552ae415e9c2a6014",
        "size": "20280"
    },
    "es\\UIAutomationClientSideProviders.resources.dll": {
        "md5": "176833859d780bb19c8268e528bb9b7d",
        "size": "21256"
    },
    "es\\UIAutomationProvider.resources.dll": {
        "md5": "5c210235744901b35d90606a5c9e9de6",
        "size": "15624"
    },
    "es\\UIAutomationTypes.resources.dll": {
        "md5": "d40d5918ab05d7f5b14eb9177c886fb5",
        "size": "18712"
    },
    "es\\WindowsBase.resources.dll": {
        "md5": "fc14b01f1dc2b9189a13c41ee76216ae",
        "size": "89880"
    },
    "es\\WindowsFormsIntegration.resources.dll": {
        "md5": "376279708e6542474fc73a34b28f6738",
        "size": "16136"
    },
    "fr\\launcher_main.resources.dll": {
        "md5": "14334ec2ff0730c00416a50d2c1265c5",
        "size": "25168"
    },
    "fr\\launcher_updater.resources.dll": {
        "md5": "1d57a31172c7ecadeb79fe18b5b2fd7c",
        "size": "26704"
    },
    "fr\\Microsoft.VisualBasic.Forms.resources.dll": {
        "md5": "277954b1afaebd33251f69c3065a29e2",
        "size": "25880"
    },
    "fr\\PresentationCore.resources.dll": {
        "md5": "ea7e2e23a200b1b2bb658c00864dba98",
        "size": "113432"
    },
    "fr\\PresentationFramework.resources.dll": {
        "md5": "11464ec83cd26a946f15768c2da24b94",
        "size": "207112"
    },
    "fr\\PresentationUI.resources.dll": {
        "md5": "47d2bc8c52c7dea5879f17463d543e30",
        "size": "46856"
    },
    "fr\\ReachFramework.resources.dll": {
        "md5": "274e1878bfc666940f4d41388df74507",
        "size": "40216"
    },
    "fr\\System.Windows.Controls.Ribbon.resources.dll": {
        "md5": "0d66dfbb64324b35fb1438ce49b0ccb8",
        "size": "18704"
    },
    "fr\\System.Windows.Forms.Design.resources.dll": {
        "md5": "2de9fea0aa0da6f3e88eff45ea5a73a2",
        "size": "150304"
    },
    "fr\\System.Windows.Forms.Primitives.resources.dll": {
        "md5": "e1473c6f94e08683a78c4735e45ac960",
        "size": "16152"
    },
    "fr\\System.Windows.Forms.resources.dll": {
        "md5": "e65b433a1050abb075281fbc77e8266c",
        "size": "373016"
    },
    "fr\\System.Windows.Input.Manipulations.resources.dll": {
        "md5": "9e36aa765684aad9b9a18f50fd6f40db",
        "size": "16664"
    },
    "fr\\System.Xaml.resources.dll": {
        "md5": "fb16eef5e446c84fcdf1af38bbbe72ed",
        "size": "67344"
    },
    "fr\\UIAutomationClient.resources.dll": {
        "md5": "3aa84b5027fb1043bc84a5d2ab31a778",
        "size": "20240"
    },
    "fr\\UIAutomationClientSideProviders.resources.dll": {
        "md5": "4a749ed0291bd8412e010730c5adbd58",
        "size": "21272"
    },
    "fr\\UIAutomationProvider.resources.dll": {
        "md5": "13d2786c1f5640e544f6d9fe8b9c742d",
        "size": "15624"
    },
    "fr\\UIAutomationTypes.resources.dll": {
        "md5": "57e7fedd3324ceac57c1ddb89f6f0c42",
        "size": "18720"
    },
    "fr\\WindowsBase.resources.dll": {
        "md5": "53714b5c4aa14a72a7b58bccef8c2593",
        "size": "90896"
    },
    "fr\\WindowsFormsIntegration.resources.dll": {
        "md5": "be9dc68cefb4360ca6d72400686611d7",
        "size": "16184"
    },
    "it\\Microsoft.VisualBasic.Forms.resources.dll": {
        "md5": "61f6b85184f8a60188a16aa193449131",
        "size": "25864"
    },
    "it\\PresentationCore.resources.dll": {
        "md5": "88ba5cca29e53b926e0bfb6a4fa09f15",
        "size": "111880"
    },
    "it\\PresentationFramework.resources.dll": {
        "md5": "417681d48ec3e9333761d43ec3552e6e",
        "size": "206096"
    },
    "it\\PresentationUI.resources.dll": {
        "md5": "2d66cfb874b7637f2052b11e4455644e",
        "size": "45840"
    },
    "it\\ReachFramework.resources.dll": {
        "md5": "56b5cb520c3c970abcf883ffb3f579ac",
        "size": "39728"
    },
    "it\\System.Windows.Controls.Ribbon.resources.dll": {
        "md5": "75e4eaf5d1d61b2bfe4457351d463a34",
        "size": "18704"
    },
    "it\\System.Windows.Forms.Design.resources.dll": {
        "md5": "719fb551792f047289d716a0b7b0132b",
        "size": "150808"
    },
    "it\\System.Windows.Forms.Primitives.resources.dll": {
        "md5": "6af4040c7143cab67381f4a7ae983b13",
        "size": "16152"
    },
    "it\\System.Windows.Forms.resources.dll": {
        "md5": "bd9c59dc286bee4c78357ca97ac9fc56",
        "size": "368904"
    },
    "it\\System.Windows.Input.Manipulations.resources.dll": {
        "md5": "155460b068350878672ab264ed141f1b",
        "size": "16688"
    },
    "it\\System.Xaml.resources.dll": {
        "md5": "dad089451e90de21960d62bff0cff05a",
        "size": "66360"
    },
    "it\\UIAutomationClient.resources.dll": {
        "md5": "3422ad8d595d3f237d220b867562c4dd",
        "size": "20248"
    },
    "it\\UIAutomationClientSideProviders.resources.dll": {
        "md5": "b8cfa9e4c90395619e1853be72d15628",
        "size": "21280"
    },
    "it\\UIAutomationProvider.resources.dll": {
        "md5": "66329e3d2e3b697e42600e136265126c",
        "size": "15672"
    },
    "it\\UIAutomationTypes.resources.dll": {
        "md5": "520049ab5e85038d787505d6741db38a",
        "size": "18704"
    },
    "it\\WindowsBase.resources.dll": {
        "md5": "6041f277d799c4d9fa6dceb410518245",
        "size": "91416"
    },
    "it\\WindowsFormsIntegration.resources.dll": {
        "md5": "4e73850151dc66edfe4e278cf414d2f1",
        "size": "16144"
    },
    "ja\\launcher_main.resources.dll": {
        "md5": "4c34c88e5f85b34282a98db5277dcc98",
        "size": "25168"
    },
    "ja\\launcher_updater.resources.dll": {
        "md5": "ddc966179a37ec8dd8f099ac98b32847",
        "size": "27216"
    },
    "ja\\Microsoft.VisualBasic.Forms.resources.dll": {
        "md5": "ab6c2fefc70426d230a77ff5623f1eb2",
        "size": "26400"
    },
    "ja\\PresentationCore.resources.dll": {
        "md5": "642f4aa73c59743925409b126be0318a",
        "size": "122672"
    },
    "ja\\PresentationFramework.resources.dll": {
        "md5": "abaacaab5dd34e6400b25581c99edb5d",
        "size": "226576"
    },
    "ja\\PresentationUI.resources.dll": {
        "md5": "364a87769ee6a2314fe124292c6978ca",
        "size": "49456"
    },
    "ja\\ReachFramework.resources.dll": {
        "md5": "48355ad0e5c177128cdf6866ce73d209",
        "size": "42256"
    },
    "ja\\System.Windows.Controls.Ribbon.resources.dll": {
        "md5": "9abf4528e5f3790be9145b1d77eb705c",
        "size": "19224"
    },
    "ja\\System.Windows.Forms.Design.resources.dll": {
        "md5": "7465a0458be300d69ada41d8ce167d7a",
        "size": "155912"
    },
    "ja\\System.Windows.Forms.Primitives.resources.dll": {
        "md5": "4c6f413333eab4965042f72ffd5d69e0",
        "size": "16656"
    },
    "ja\\System.Windows.Forms.resources.dll": {
        "md5": "510d45ea0c142d1b8cfc4c8ccae90557",
        "size": "409368"
    },
    "ja\\System.Windows.Input.Manipulations.resources.dll": {
        "md5": "27afe33ac8679c17c14be806dc2df74a",
        "size": "16648"
    },
    "ja\\System.Xaml.resources.dll": {
        "md5": "c0a2df9d570b89649e42b470a197287c",
        "size": "74528"
    },
    "ja\\UIAutomationClient.resources.dll": {
        "md5": "97de6c52f0d12b831e8a8d05ec4ecf64",
        "size": "20752"
    },
    "ja\\UIAutomationClientSideProviders.resources.dll": {
        "md5": "d93536e87e6dc82e8d55dd685f430cc5",
        "size": "21784"
    },
    "ja\\UIAutomationProvider.resources.dll": {
        "md5": "246d7b72b58776a6a9cbd04f1e55353a",
        "size": "15664"
    },
    "ja\\UIAutomationTypes.resources.dll": {
        "md5": "cf05e3df70b2108eb713b9173adf698f",
        "size": "18736"
    },
    "ja\\WindowsBase.resources.dll": {
        "md5": "dac814b66d2cbbb285208dc82e1b8285",
        "size": "99640"
    },
    "ja\\WindowsFormsIntegration.resources.dll": {
        "md5": "86ea94c519097e8ecc73342bd4c570ca",
        "size": "16664"
    },
    "ko\\launcher_main.resources.dll": {
        "md5": "04577913a677be4ee5506092de3c9947",
        "size": "25168"
    },
    "ko\\launcher_updater.resources.dll": {
        "md5": "5dbeb817942d44d0ddb80163c95913b1",
        "size": "26704"
    },
    "ko\\Microsoft.VisualBasic.Forms.resources.dll": {
        "md5": "aed0af503d4d30d5f10566688fe48e5f",
        "size": "25864"
    },
    "ko\\PresentationCore.resources.dll": {
        "md5": "7687d20a6bb393940432c9bdfc0167ce",
        "size": "114456"
    },
    "ko\\PresentationFramework.resources.dll": {
        "md5": "a5eeb33129ab550d8658b726ebe30451",
        "size": "211728"
    },
    "ko\\PresentationUI.resources.dll": {
        "md5": "081cb057e9fc58d022108428e43247a1",
        "size": "46360"
    },
    "ko\\ReachFramework.resources.dll": {
        "md5": "ff8e2ab43690742e562625c77b1970c1",
        "size": "40728"
    },
    "ko\\System.Windows.Controls.Ribbon.resources.dll": {
        "md5": "a873e38eef3af6ede5aab633a35460be",
        "size": "18736"
    },
    "ko\\System.Windows.Forms.Design.resources.dll": {
        "md5": "007646c57f03b26684f8fbc434c7aa27",
        "size": "151320"
    },
    "ko\\System.Windows.Forms.Primitives.resources.dll": {
        "md5": "4d66f4e09e142ff39c7be519be61d30d",
        "size": "16160"
    },
    "ko\\System.Windows.Forms.resources.dll": {
        "md5": "b95900ad5c652107098005687aae9564",
        "size": "370968"
    },
    "ko\\System.Windows.Input.Manipulations.resources.dll": {
        "md5": "560a2078bc385867a780febff9db0ee1",
        "size": "16648"
    },
    "ko\\System.Xaml.resources.dll": {
        "md5": "a55fe67cf20e541a1950748f4f3ebc63",
        "size": "69920"
    },
    "ko\\UIAutomationClient.resources.dll": {
        "md5": "f43b2b4124f49d60b7f960b8fb84e2ac",
        "size": "20232"
    },
    "ko\\UIAutomationClientSideProviders.resources.dll": {
        "md5": "5178635002b692c2620b40d3b879b5ef",
        "size": "21272"
    },
    "ko\\UIAutomationProvider.resources.dll": {
        "md5": "7cfc871ad253614acfd374bfb28f3eb6",
        "size": "15640"
    },
    "ko\\UIAutomationTypes.resources.dll": {
        "md5": "0be43de3fe40d65bbb058241a68a8621",
        "size": "18744"
    },
    "ko\\WindowsBase.resources.dll": {
        "md5": "fe54d9fa5a010b9fb2c8d7a1e44ed7db",
        "size": "92464"
    },
    "ko\\WindowsFormsIntegration.resources.dll": {
        "md5": "5f915e63b5de36497c8a883e163b9c85",
        "size": "16176"
    },
    "KRWebViewRuntime\\133.0.3065.59.manifest": {
        "md5": "a4370011be1089fe6e0cd6598afc86bf",
        "size": "226"
    },
    "KRWebViewRuntime\\concrt140.dll": {
        "md5": "b31e10eadac9427f22ff1316394196f0",
        "size": "332960"
    },
    "KRWebViewRuntime\\d3dcompiler_47.dll": {
        "md5": "6a3e2c721c381e0a81e3046134d7a72b",
        "size": "4927040"
    },
    "KRWebViewRuntime\\delegatedWebFeatures.sccd": {
        "md5": "7fd9cd05f23d42fb6deda65bd1977ac9",
        "size": "18112"
    },
    "KRWebViewRuntime\\dual_engine_adapter_x64.dll": {
        "md5": "023f6b847f42c7e0ee0fa7b102d91b80",
        "size": "3992672"
    },
    "KRWebViewRuntime\\dxcompiler.dll": {
        "md5": "a0fd94b0d7c2dd4848e16106f9d70245",
        "size": "20453432"
    },
    "KRWebViewRuntime\\dxil.dll": {
        "md5": "ddde1ed7e032db9a8821f983eb892b94",
        "size": "1518672"
    },
    "KRWebViewRuntime\\Edge.dat": {
        "md5": "6974293912bec15f5e70584b231de01b",
        "size": "12288"
    },
    "KRWebViewRuntime\\EdgeWebView.dat": {
        "md5": "24e9dcce44eab983148e8d204dd87942",
        "size": "8192"
    },
    "KRWebViewRuntime\\elevated_tracing_service.exe": {
        "md5": "e4f12452acf48d1f16ba056cdee07771",
        "size": "2629672"
    },
    "KRWebViewRuntime\\eventlog_provider.dll": {
        "md5": "63a75d5742ddfd8fabb623a37643a40f",
        "size": "16936"
    },
    "KRWebViewRuntime\\ffmpeg.dll": {
        "md5": "7cca5c8b8560719bf9a86897cb945f7d",
        "size": "3185704"
    },
    "KRWebViewRuntime\\icudtl.dat": {
        "md5": "d455e1b6bb711c64bc38e9acfeac6ff2",
        "size": "12004528"
    },
    "KRWebViewRuntime\\learning_tools.dll": {
        "md5": "6f341e7f2995a659e635552215751613",
        "size": "1225768"
    },
    "KRWebViewRuntime\\libEGL.dll": {
        "md5": "15fad0aec0bd11b9970d1301124579cd",
        "size": "484536"
    },
    "KRWebViewRuntime\\libGLESv2.dll": {
        "md5": "f07da1ef3fade133a485f692ba8265ba",
        "size": "6962352"
    },
    "KRWebViewRuntime\\microsoft_shell_integration.dll": {
        "md5": "61dc1ce50be8616da0806de7ed4d4e41",
        "size": "437800"
    },
    "KRWebViewRuntime\\mip_core.dll": {
        "md5": "aa5a2cb0d0c9482777150a4076d6c161",
        "size": "5435416"
    },
    "KRWebViewRuntime\\mip_protection_sdk.dll": {
        "md5": "a3444cf0de3ced4b3b70a7544e36edb6",
        "size": "2501656"
    },
    "KRWebViewRuntime\\msedge.dll": {
        "md5": "2b18afd11260969c137eb5b674dc3211",
        "size": "285924392"
    },
    "KRWebViewRuntime\\msedge.dll.sig": {
        "md5": "bfaba08c1f65979d6aeacd1e39631c31",
        "size": "1389"
    },
    "KRWebViewRuntime\\msedgewebview2.exe": {
        "md5": "5c6552e475306de84b480fb45262536f",
        "size": "3515432"
    },
    "KRWebViewRuntime\\msedgewebview2.exe.sig": {
        "md5": "0b6a5784d166498f28139dec02b139d1",
        "size": "1389"
    },
    "KRWebViewRuntime\\msedge_100_percent.pak": {
        "md5": "3d4624408ff347f155195b89a6131cce",
        "size": "1533758"
    },
    "KRWebViewRuntime\\msedge_200_percent.pak": {
        "md5": "7b934c41ab6caf47db7fb8b8920a29ae",
        "size": "2131160"
    },
    "KRWebViewRuntime\\msedge_elf.dll": {
        "md5": "59f350dcb3ca9fbdf8b6d7749b93ba62",
        "size": "3904568"
    },
    "KRWebViewRuntime\\msedge_wer.dll": {
        "md5": "36762f123e094508436f36a54ebceec9",
        "size": "129576"
    },
    "KRWebViewRuntime\\mspdf.dll": {
        "md5": "73a395dd9f149e53ee2d531242e1191e",
        "size": "17456696"
    },
    "KRWebViewRuntime\\msvcp140.dll": {
        "md5": "c732f1f7a6a0f6ba003019d522301f32",
        "size": "583296"
    },
    "KRWebViewRuntime\\msvcp140_codecvt_ids.dll": {
        "md5": "464ea6bdf77e3de3c5d93a5ba4fb5cad",
        "size": "42144"
    },
    "KRWebViewRuntime\\notification_helper.exe": {
        "md5": "96efa6b1d8a87f2ae9c132ea747048e3",
        "size": "1348136"
    },
    "KRWebViewRuntime\\oneauth.dll": {
        "md5": "09436c1e3362a1ea6bb06ce2566c4d65",
        "size": "5544488"
    },
    "KRWebViewRuntime\\oneds.dll": {
        "md5": "c7760548c1580c0a7585d184b3e521d6",
        "size": "3319352"
    },
    "KRWebViewRuntime\\onnxruntime.dll": {
        "md5": "8d33c5ef5abe5cefa104852f7bebaef4",
        "size": "2745896"
    },
    "KRWebViewRuntime\\onramp.dll": {
        "md5": "8e7f226462c93316af4ccfc5b6f3ee5a",
        "size": "451112"
    },
    "KRWebViewRuntime\\prefs_enclave_x64.dll": {
        "md5": "4270b5c9b206c270f93090ed46cd8204",
        "size": "116416"
    },
    "KRWebViewRuntime\\resources.pak": {
        "md5": "1d3352ef5a6c56d3ce7c8f58f351fac6",
        "size": "27488245"
    },
    "KRWebViewRuntime\\show_third_party_software_licenses.bat": {
        "md5": "fb20a4564050cd49cb839474eb5ac815",
        "size": "270"
    },
    "KRWebViewRuntime\\telclient.dll": {
        "md5": "bd8164b687a72ad86c7d3341111fbf28",
        "size": "2089000"
    },
    "KRWebViewRuntime\\v8_context_snapshot.bin": {
        "md5": "fbe536f539f0235291ff2f7e719d4a0d",
        "size": "723541"
    },
    "KRWebViewRuntime\\vccorlib140.dll": {
        "md5": "24cfa720e09f01caf73303ec0851554e",
        "size": "359088"
    },
    "KRWebViewRuntime\\vcruntime140.dll": {
        "md5": "42e9e0f4bcf7e2fd9db043416c1bcae8",
        "size": "129680"
    },
    "KRWebViewRuntime\\vcruntime140_1.dll": {
        "md5": "a3de65e25df3033db0f25f144da45e44",
        "size": "60032"
    },
    "KRWebViewRuntime\\vk_swiftshader.dll": {
        "md5": "53869ec3621a228ff8f2d3390d51ba10",
        "size": "4850216"
    },
    "KRWebViewRuntime\\vk_swiftshader_icd.json": {
        "md5": "8642dd3a87e2de6e991fae08458e302b",
        "size": "106"
    },
    "KRWebViewRuntime\\vulkan-1.dll": {
        "md5": "b3dfc94ac3bee23847299aeb8de72b5e",
        "size": "876584"
    },
    "KRWebViewRuntime\\wdag.dll": {
        "md5": "6eb98649f7e0234d081c902142daa290",
        "size": "231976"
    },
    "KRWebViewRuntime\\webview2_integration.dll": {
        "md5": "b734afbe5d80c0485818ba431fe76f5f",
        "size": "32296"
    },
    "KRWebViewRuntime\\wns_push_client.dll": {
        "md5": "e3862437561bdfa8371e56c60a3f94af",
        "size": "534584"
    },
    "KRWebViewRuntime\\AdSelectionAttestationsPreloaded\\ad-selection-attestations.dat": {
        "md5": "180c7d63efe9977afa74006289465647",
        "size": "63"
    },
    "KRWebViewRuntime\\AdSelectionAttestationsPreloaded\\manifest.json": {
        "md5": "21cc25c0a15e8b4964d8ae10feccbfef",
        "size": "128"
    },
    "KRWebViewRuntime\\EBWebView\\x64\\EmbeddedBrowserWebView.dll": {
        "md5": "76532004b2027db5e2b46b0a84a04431",
        "size": "5619240"
    },
    "KRWebViewRuntime\\EBWebView\\x86\\EmbeddedBrowserWebView.dll": {
        "md5": "85e9949c7940c35741f1315e11f1c5eb",
        "size": "4287016"
    },
    "KRWebViewRuntime\\edge_feedback\\camera_mf_trace.wprp": {
        "md5": "8028ab84d61fc5e00feea816e1d1e293",
        "size": "24910"
    },
    "KRWebViewRuntime\\edge_feedback\\mf_trace.wprp": {
        "md5": "aa55e1c8f1bafc80e31dadd952e8563e",
        "size": "12735"
    },
    "KRWebViewRuntime\\Extensions\\external_extensions.json": {
        "md5": "280a9277b0e605e905d7f18b6148eeb7",
        "size": "99"
    },
    "KRWebViewRuntime\\Locales\\af.pak": {
        "md5": "5a92c797ea57f8557f84dda22dd2b14b",
        "size": "1034615"
    },
    "KRWebViewRuntime\\Locales\\am.pak": {
        "md5": "30b005ce6c38316cf3bae3b5fd046d49",
        "size": "1518506"
    },
    "KRWebViewRuntime\\Locales\\ar.pak": {
        "md5": "fcdee767f32da4208596129a7f79b9c0",
        "size": "1559700"
    },
    "KRWebViewRuntime\\Locales\\as.pak": {
        "md5": "4b8d231a8028c01cc4f8bff45f3be321",
        "size": "2233369"
    },
    "KRWebViewRuntime\\Locales\\az.pak": {
        "md5": "0aa52cdb632ed0029b6b11a079d615ef",
        "size": "1182693"
    },
    "KRWebViewRuntime\\Locales\\bg.pak": {
        "md5": "dde48a054010399aa2a8f50477572c6c",
        "size": "1762475"
    },
    "KRWebViewRuntime\\Locales\\bn-IN.pak": {
        "md5": "587897a879d4c41d653c9b99a0931619",
        "size": "2313912"
    },
    "KRWebViewRuntime\\Locales\\bs.pak": {
        "md5": "fdc59058d96676ee015bc78d97c185c2",
        "size": "1099694"
    },
    "KRWebViewRuntime\\Locales\\ca-Es-VALENCIA.pak": {
        "md5": "30c19000f175b2161c3bf37e69a115ea",
        "size": "1152325"
    },
    "KRWebViewRuntime\\Locales\\ca.pak": {
        "md5": "ba945e5a506da66a785c1d658bda623e",
        "size": "1156011"
    },
    "KRWebViewRuntime\\Locales\\cs.pak": {
        "md5": "7de3dc456cd29257f3afd063343c078a",
        "size": "1147733"
    },
    "KRWebViewRuntime\\Locales\\cy.pak": {
        "md5": "55f25a38ad3f01f1a0228415a0a88543",
        "size": "1130403"
    },
    "KRWebViewRuntime\\Locales\\da.pak": {
        "md5": "6625e083e23a0498d649433d95ea7a72",
        "size": "1033187"
    },
    "KRWebViewRuntime\\Locales\\de.pak": {
        "md5": "67b2697c26576b2f74eab771d6ce6d44",
        "size": "1152784"
    },
    "KRWebViewRuntime\\Locales\\el.pak": {
        "md5": "a8dacecb336e2c71dc6181b167056d22",
        "size": "1962742"
    },
    "KRWebViewRuntime\\Locales\\en-GB.pak": {
        "md5": "c6680f7392af5786076e9376bb96cd74",
        "size": "943242"
    },
    "KRWebViewRuntime\\Locales\\en-US.pak": {
        "md5": "624824f62b255b0f5aedd61288a72efa",
        "size": "927431"
    },
    "KRWebViewRuntime\\Locales\\es-419.pak": {
        "md5": "50cea15dfc07d13b0bce78f2a1cca7c0",
        "size": "1144692"
    },
    "KRWebViewRuntime\\Locales\\es.pak": {
        "md5": "0dc97bf5bbd8011169d677fcd7a29dde",
        "size": "1141258"
    },
    "KRWebViewRuntime\\Locales\\et.pak": {
        "md5": "0cea892a35dd8db7cd7e70f992f45a69",
        "size": "1021733"
    },
    "KRWebViewRuntime\\Locales\\eu.pak": {
        "md5": "db73fb062a82b169fc065c00826a4f43",
        "size": "1063972"
    },
    "KRWebViewRuntime\\Locales\\fa.pak": {
        "md5": "65d2c2d7b2a08a85e021adaa36ef3e77",
        "size": "1593335"
    },
    "KRWebViewRuntime\\Locales\\fi.pak": {
        "md5": "af353174a01b1940e42a27b0f76958cf",
        "size": "1067213"
    },
    "KRWebViewRuntime\\Locales\\fil.pak": {
        "md5": "2adc22067d43a18869c4e6a4a2db5703",
        "size": "1151648"
    },
    "KRWebViewRuntime\\Locales\\fr-CA.pak": {
        "md5": "ab17e81fb1e01b9c72e1e3e8adc13b7b",
        "size": "1229225"
    },
    "KRWebViewRuntime\\Locales\\fr.pak": {
        "md5": "2639ba37e1ae91e39f713fcbca54200c",
        "size": "1217789"
    },
    "KRWebViewRuntime\\Locales\\ga.pak": {
        "md5": "5e3a19c4f78967cd97aedb39a4dd9fb8",
        "size": "1218075"
    },
    "KRWebViewRuntime\\Locales\\gd.pak": {
        "md5": "1199c5cc14e7c4004c9c3e9964ba0335",
        "size": "1281660"
    },
    "KRWebViewRuntime\\Locales\\gl.pak": {
        "md5": "566d4d30b2371f5c047e113cb374610d",
        "size": "1094107"
    },
    "KRWebViewRuntime\\Locales\\gu.pak": {
        "md5": "ffae005f19504e8992a98c532ed1abfd",
        "size": "2193790"
    },
    "KRWebViewRuntime\\Locales\\he.pak": {
        "md5": "d15292f971f89b9c68a36e460cb7e3bb",
        "size": "1322846"
    },
    "KRWebViewRuntime\\Locales\\hi.pak": {
        "md5": "967ab71a9e422afb54c8a1d85b51e661",
        "size": "2182554"
    },
    "KRWebViewRuntime\\Locales\\hr.pak": {
        "md5": "9ee8858c195e66cf80bb713da7e8e014",
        "size": "1110122"
    },
    "KRWebViewRuntime\\Locales\\hu.pak": {
        "md5": "636010552f41ad54bcc9e489d590dd83",
        "size": "1180809"
    },
    "KRWebViewRuntime\\Locales\\id.pak": {
        "md5": "90fcf70b1417a2ce6b2e33c43bb9ede6",
        "size": "1013769"
    },
    "KRWebViewRuntime\\Locales\\is.pak": {
        "md5": "93060374b2cb6a05c74e2156baa1cded",
        "size": "1082099"
    },
    "KRWebViewRuntime\\Locales\\it.pak": {
        "md5": "bd5d33b988a8f2923079423d9bcc8224",
        "size": "1125889"
    },
    "KRWebViewRuntime\\Locales\\ja.pak": {
        "md5": "dce9377ce2b1a56e80cbc1f6b8a0e48d",
        "size": "1315829"
    },
    "KRWebViewRuntime\\Locales\\ka.pak": {
        "md5": "945a73c173f67271e2e81985ef61f312",
        "size": "2441807"
    },
    "KRWebViewRuntime\\Locales\\kk.pak": {
        "md5": "4e481d1a2fc4a84389348ac9f8d5bb58",
        "size": "1737403"
    },
    "KRWebViewRuntime\\Locales\\km.pak": {
        "md5": "dc52fff4db8c3f5eecbeffdee760794e",
        "size": "2370691"
    },
    "KRWebViewRuntime\\Locales\\kn.pak": {
        "md5": "49fb3290e1e76bb26104f09207c6069c",
        "size": "2451299"
    },
    "KRWebViewRuntime\\Locales\\ko.pak": {
        "md5": "352d379d98bf8f880004366fd78973c0",
        "size": "1106834"
    },
    "KRWebViewRuntime\\Locales\\kok.pak": {
        "md5": "6a82706d136c2ae847aaa2cec78b5eb3",
        "size": "2120708"
    },
    "KRWebViewRuntime\\Locales\\lb.pak": {
        "md5": "167aabd81b523ddd36a3b4140ffc4a6e",
        "size": "1112899"
    },
    "KRWebViewRuntime\\Locales\\lo.pak": {
        "md5": "b7a0e0cdb20e3fe731485e50616df4cd",
        "size": "2147994"
    },
    "KRWebViewRuntime\\Locales\\lt.pak": {
        "md5": "8596526605ff9b88b16f99c96b40de43",
        "size": "1160019"
    },
    "KRWebViewRuntime\\Locales\\lv.pak": {
        "md5": "d610339bae556aff6ddd2fbd06832ea6",
        "size": "1132888"
    },
    "KRWebViewRuntime\\Locales\\mi.pak": {
        "md5": "34149b9624b0f77c521357f6e597b51e",
        "size": "1109153"
    },
    "KRWebViewRuntime\\Locales\\mk.pak": {
        "md5": "b015dd36778f290879f649b74dbc38af",
        "size": "1764968"
    },
    "KRWebViewRuntime\\Locales\\ml.pak": {
        "md5": "9354b516b30e5c964e58b8149432f361",
        "size": "2674408"
    },
    "KRWebViewRuntime\\Locales\\mr.pak": {
        "md5": "2e9dd8b163c444c8f828f09c031eeefb",
        "size": "2202969"
    },
    "KRWebViewRuntime\\Locales\\ms.pak": {
        "md5": "3f275007a286612b04e7dcd7bb6db38c",
        "size": "1043157"
    },
    "KRWebViewRuntime\\Locales\\mt.pak": {
        "md5": "a88a4da1bd8c88b9f613aa01941cbb53",
        "size": "1176587"
    },
    "KRWebViewRuntime\\Locales\\nb.pak": {
        "md5": "7d1cbdec8cda9a19f725c2d4ad7d049e",
        "size": "1006806"
    },
    "KRWebViewRuntime\\Locales\\ne.pak": {
        "md5": "c0f0a05b0f8c21b28cbd4bc96c726b6f",
        "size": "2332478"
    },
    "KRWebViewRuntime\\Locales\\nl.pak": {
        "md5": "99ce279a3e387369a44deb8d7f84cd69",
        "size": "1078640"
    },
    "KRWebViewRuntime\\Locales\\nn.pak": {
        "md5": "78b9e198d40ec8b476cfe64d66bd875e",
        "size": "1010158"
    },
    "KRWebViewRuntime\\Locales\\or.pak": {
        "md5": "3c11340025f455bb4fd3a06fb2d3b23d",
        "size": "2432274"
    },
    "KRWebViewRuntime\\Locales\\pa.pak": {
        "md5": "4e28f6e08f8571906527db46106e9790",
        "size": "2236106"
    },
    "KRWebViewRuntime\\Locales\\pl.pak": {
        "md5": "2525a87ef32b301e4089347b5a648615",
        "size": "1192527"
    },
    "KRWebViewRuntime\\Locales\\pt-BR.pak": {
        "md5": "5cb5903cfb00dbf24e466f11b1db85af",
        "size": "1104625"
    },
    "KRWebViewRuntime\\Locales\\pt-PT.pak": {
        "md5": "07c587e6ac925c20accb5cb4b863103b",
        "size": "1137733"
    },
    "KRWebViewRuntime\\Locales\\qu.pak": {
        "md5": "67d305936edeb9af153a97d6a9e40c4a",
        "size": "1135834"
    },
    "KRWebViewRuntime\\Locales\\ro.pak": {
        "md5": "7a329b035615596e7b3fe9cbf9d04aaf",
        "size": "1150051"
    },
    "KRWebViewRuntime\\Locales\\ru.pak": {
        "md5": "498ab1967171dea4516382f07e1afb84",
        "size": "1805104"
    },
    "KRWebViewRuntime\\Locales\\sk.pak": {
        "md5": "c526365ad551446157309245c98ee0b2",
        "size": "1166301"
    },
    "KRWebViewRuntime\\Locales\\sl.pak": {
        "md5": "62f59a6d11f9f76ed37bb90b8619193c",
        "size": "1108977"
    },
    "KRWebViewRuntime\\Locales\\sq.pak": {
        "md5": "3a0cd29cbbee51791464881d84c654c1",
        "size": "1134736"
    },
    "KRWebViewRuntime\\Locales\\sr-Cyrl-BA.pak": {
        "md5": "245f40a7daa28574cf27a468357bad80",
        "size": "1710130"
    },
    "KRWebViewRuntime\\Locales\\sr-Latn-RS.pak": {
        "md5": "a6a97e93f9ced81b42ef4d7b970ff556",
        "size": "1106372"
    },
    "KRWebViewRuntime\\Locales\\sr.pak": {
        "md5": "5a17cb6956641b3790c00955177b16b2",
        "size": "1721728"
    },
    "KRWebViewRuntime\\Locales\\sv.pak": {
        "md5": "14e2192ba46e0ee84c02c5823f4b0cac",
        "size": "1032523"
    },
    "KRWebViewRuntime\\Locales\\ta.pak": {
        "md5": "db69b751db9157d3ff1f4eb12836103a",
        "size": "2676435"
    },
    "KRWebViewRuntime\\Locales\\te.pak": {
        "md5": "6c4fdafe945ced5cdd09eaa324b653fb",
        "size": "2411162"
    },
    "KRWebViewRuntime\\Locales\\th.pak": {
        "md5": "a2b69f198503fb2a44e482388e0fa4e8",
        "size": "2120464"
    },
    "KRWebViewRuntime\\Locales\\tr.pak": {
        "md5": "53bdf7a0e37da783f9cb2bc8a02b3404",
        "size": "1105142"
    },
    "KRWebViewRuntime\\Locales\\tt.pak": {
        "md5": "4e810cead8cd95282489ca7a3ab24b64",
        "size": "1727353"
    },
    "KRWebViewRuntime\\Locales\\ug.pak": {
        "md5": "073555b58ea34e55fab266a199dd6b3f",
        "size": "1663026"
    },
    "KRWebViewRuntime\\Locales\\uk.pak": {
        "md5": "cfba724ff273d0ab6201f952e2a949fb",
        "size": "1763595"
    },
    "KRWebViewRuntime\\Locales\\ur.pak": {
        "md5": "0ce2d682d2d307b5e42efbbeb5c35dfc",
        "size": "1614693"
    },
    "KRWebViewRuntime\\Locales\\vi.pak": {
        "md5": "eee458551ee1c2faf4f25fb5be1f8d0a",
        "size": "1268804"
    },
    "KRWebViewRuntime\\Locales\\zh-CN.pak": {
        "md5": "8cb6dd68268415d054aad9a216fae56f",
        "size": "887073"
    },
    "KRWebViewRuntime\\Locales\\zh-TW.pak": {
        "md5": "e14f1c77c6835a377de1e409edc0df93",
        "size": "915204"
    },
    "KRWebViewRuntime\\MEIPreload\\manifest.json": {
        "md5": "442699c95b20a60470421c6a4d29960f",
        "size": "238"
    },
    "KRWebViewRuntime\\MEIPreload\\preloaded_data.pb": {
        "md5": "d5e4c2634eff8a9b3faf432bf406d6d1",
        "size": "8254"
    },
    "KRWebViewRuntime\\PdfPreview\\PdfPreviewHandler.dll": {
        "md5": "881ec79d2452a3d09d6e4835c7f6688d",
        "size": "235576"
    },
    "KRWebViewRuntime\\Trust Protection Lists\\manifest.json": {
        "md5": "e2e0e30a5061d2e813d389d776cd8ffd",
        "size": "132"
    },
    "KRWebViewRuntime\\Trust Protection Lists\\Mu\\Advertising": {
        "md5": "131857baba78228374284295fcab3d66",
        "size": "25261"
    },
    "KRWebViewRuntime\\Trust Protection Lists\\Mu\\Analytics": {
        "md5": "da298eacf42b8fd3bf54b5030976159b",
        "size": "4633"
    },
    "KRWebViewRuntime\\Trust Protection Lists\\Mu\\CompatExceptions": {
        "md5": "108de320dc5348d3b6af1f06a4374407",
        "size": "689"
    },
    "KRWebViewRuntime\\Trust Protection Lists\\Mu\\Content": {
        "md5": "97ea4c3bfaadcb4b176e18f536d8b925",
        "size": "6813"
    },
    "KRWebViewRuntime\\Trust Protection Lists\\Mu\\Cryptomining": {
        "md5": "16779f9f388a6dbefdcaa33c25db08f6",
        "size": "1084"
    },
    "KRWebViewRuntime\\Trust Protection Lists\\Mu\\Entities": {
        "md5": "571c13809cc4efaff6e0b650858b9744",
        "size": "70217"
    },
    "KRWebViewRuntime\\Trust Protection Lists\\Mu\\Fingerprinting": {
        "md5": "b46196ad79c9ef6ddacc36b790350ca9",
        "size": "1534"
    },
    "KRWebViewRuntime\\Trust Protection Lists\\Mu\\LICENSE": {
        "md5": "d32239bcb673463ab874e80d47fae504",
        "size": "35147"
    },
    "KRWebViewRuntime\\Trust Protection Lists\\Mu\\Other": {
        "md5": "cd0395742b85e2b669eaec1d5f15b65b",
        "size": "34"
    },
    "KRWebViewRuntime\\Trust Protection Lists\\Mu\\Social": {
        "md5": "4c817c4cb035841975c6738aa05742d9",
        "size": "355"
    },
    "KRWebViewRuntime\\Trust Protection Lists\\Mu\\TransparentAdvertisers": {
        "md5": "57d5a3548911886de2f3bd3172e808ed",
        "size": "105"
    },
    "KRWebViewRuntime\\Trust Protection Lists\\Sigma\\Advertising": {
        "md5": "326ddffc1f869b14073a979c0a34d34d",
        "size": "2463"
    },
    "KRWebViewRuntime\\Trust Protection Lists\\Sigma\\Analytics": {
        "md5": "01f1f3c305218510ccd9aaa42aee9850",
        "size": "432"
    },
    "KRWebViewRuntime\\Trust Protection Lists\\Sigma\\Content": {
        "md5": "7b0b4a9aafc18cf64f4d4daf365d2d8d",
        "size": "48"
    },
    "KRWebViewRuntime\\Trust Protection Lists\\Sigma\\Cryptomining": {
        "md5": "4ec1eda0e8a06238ff5bf88569964d59",
        "size": "32"
    },
    "KRWebViewRuntime\\Trust Protection Lists\\Sigma\\Entities": {
        "md5": "f446eb7054a356d9e803420c8ec41256",
        "size": "43066"
    },
    "KRWebViewRuntime\\Trust Protection Lists\\Sigma\\Fingerprinting": {
        "md5": "3852430540e0356d1ba68f31be011533",
        "size": "172"
    },
    "KRWebViewRuntime\\Trust Protection Lists\\Sigma\\LICENSE": {
        "md5": "5b7baf861a48c045d997992424b5877b",
        "size": "66"
    },
    "KRWebViewRuntime\\Trust Protection Lists\\Sigma\\Other": {
        "md5": "09cedaa60eab8c7d7644d81cf792fe76",
        "size": "91"
    },
    "KRWebViewRuntime\\Trust Protection Lists\\Sigma\\Social": {
        "md5": "318801ce3611c0d25c65b809dd9b5b3c",
        "size": "3395"
    },
    "KRWebViewRuntime\\Trust Protection Lists\\Sigma\\Staging": {
        "md5": "39bdf35ac4557a2d2a4efdeeb038723e",
        "size": "16528"
    },
    "KRWebViewRuntime\\WidevineCdm\\manifest.json": {
        "md5": "2ff237adbc218a4934a8b361bcd3428e",
        "size": "1001"
    },
    "KRWebViewRuntime\\WidevineCdm\\_platform_specific\\win_x64\\widevinecdm.dll": {
        "md5": "6f3c06fe77e089ad559ef2aeede5fa68",
        "size": "19267680"
    },
    "KRWebViewRuntime\\WidevineCdm\\_platform_specific\\win_x64\\widevinecdm.dll.sig": {
        "md5": "4e528b9f85911d73986c19b4f77082ff",
        "size": "1389"
    },
    "pl\\Microsoft.VisualBasic.Forms.resources.dll": {
        "md5": "a49cae72186faa428a8a1fcb54d494fa",
        "size": "25880"
    },
    "pl\\PresentationCore.resources.dll": {
        "md5": "998a51a1ab752c3c935a08ca2fa687df",
        "size": "113464"
    },
    "pl\\PresentationFramework.resources.dll": {
        "md5": "5fe557f82f6ed63d1475d7089d167b93",
        "size": "209712"
    },
    "pl\\PresentationUI.resources.dll": {
        "md5": "7317c1962e9b9efeaede8b607b649ce1",
        "size": "46344"
    },
    "pl\\ReachFramework.resources.dll": {
        "md5": "51d8223f3de300e8e2dbfbef1bf20d92",
        "size": "40216"
    },
    "pl\\System.Windows.Controls.Ribbon.resources.dll": {
        "md5": "82ef594311a03bdfc1dfd1ec556fdbae",
        "size": "18720"
    },
    "pl\\System.Windows.Forms.Design.resources.dll": {
        "md5": "ca91f146c1cbe2fa4826074dbb69f337",
        "size": "149272"
    },
    "pl\\System.Windows.Forms.Primitives.resources.dll": {
        "md5": "1987ead8c616488cc55fdddc97eee61e",
        "size": "16152"
    },
    "pl\\System.Windows.Forms.resources.dll": {
        "md5": "2613df7d6f4c18c32c69d164924ee462",
        "size": "366344"
    },
    "pl\\System.Windows.Input.Manipulations.resources.dll": {
        "md5": "5f0f8ac952a9e5536d42b15e4259e1e1",
        "size": "16656"
    },
    "pl\\System.Xaml.resources.dll": {
        "md5": "682c91eaa3c8e4d13f0a3e4d24d78ff7",
        "size": "69896"
    },
    "pl\\UIAutomationClient.resources.dll": {
        "md5": "74ba872276a12d9e6494f2fa888f0026",
        "size": "20240"
    },
    "pl\\UIAutomationClientSideProviders.resources.dll": {
        "md5": "ad8bcac54bb7e1c312d0c61bba24413d",
        "size": "21272"
    },
    "pl\\UIAutomationProvider.resources.dll": {
        "md5": "920acff30484a4f239c58d76471c5399",
        "size": "15640"
    },
    "pl\\UIAutomationTypes.resources.dll": {
        "md5": "8d5594e69412673277821ba61c419227",
        "size": "18720"
    },
    "pl\\WindowsBase.resources.dll": {
        "md5": "194fdf634b73a2fd9e4cc8093a24cad0",
        "size": "90888"
    },
    "pl\\WindowsFormsIntegration.resources.dll": {
        "md5": "65997f6a22253f1098aa918978decf5d",
        "size": "16136"
    },
    "pt-BR\\Microsoft.VisualBasic.Forms.resources.dll": {
        "md5": "095d79c5b071ee24eb039e0d81bd417e",
        "size": "25880"
    },
    "pt-BR\\PresentationCore.resources.dll": {
        "md5": "9cebb7a81c5de85713dddcb186cbae2f",
        "size": "109880"
    },
    "pt-BR\\PresentationFramework.resources.dll": {
        "md5": "def89588f50adf2e8d4b406c54138901",
        "size": "203032"
    },
    "pt-BR\\PresentationUI.resources.dll": {
        "md5": "44ea99cf8e9087b90cd04dddf8d83b89",
        "size": "45872"
    },
    "pt-BR\\ReachFramework.resources.dll": {
        "md5": "4bb44115801aba09c7d508431e350571",
        "size": "39176"
    },
    "pt-BR\\System.Windows.Controls.Ribbon.resources.dll": {
        "md5": "f7d7a7e50737af12bc650c4725b736d7",
        "size": "18712"
    },
    "pt-BR\\System.Windows.Forms.Design.resources.dll": {
        "md5": "1b37e7a1be9140fa1fc46d52adeda077",
        "size": "149256"
    },
    "pt-BR\\System.Windows.Forms.Primitives.resources.dll": {
        "md5": "67c50f60f0f1c5cd15b99119d5c00b38",
        "size": "16136"
    },
    "pt-BR\\System.Windows.Forms.resources.dll": {
        "md5": "653b51fbf6f86da437b39242fd858cb0",
        "size": "359176"
    },
    "pt-BR\\System.Windows.Input.Manipulations.resources.dll": {
        "md5": "eeefa475403423432f8f56c85f0ee001",
        "size": "16648"
    },
    "pt-BR\\System.Xaml.resources.dll": {
        "md5": "d1710737f283ec748868509f2dd7e1dd",
        "size": "65840"
    },
    "pt-BR\\UIAutomationClient.resources.dll": {
        "md5": "31da63ac4d0bcb060809c21d03d6f970",
        "size": "20248"
    },
    "pt-BR\\UIAutomationClientSideProviders.resources.dll": {
        "md5": "a5fbf04781f973688988769245007c4e",
        "size": "21272"
    },
    "pt-BR\\UIAutomationProvider.resources.dll": {
        "md5": "33b1938514378847de248016d5f15e6d",
        "size": "15648"
    },
    "pt-BR\\UIAutomationTypes.resources.dll": {
        "md5": "eb234d613007c58fe511a5a00696c29a",
        "size": "18712"
    },
    "pt-BR\\WindowsBase.resources.dll": {
        "md5": "88d406a6c3139bfa1c1ef62524554393",
        "size": "89352"
    },
    "pt-BR\\WindowsFormsIntegration.resources.dll": {
        "md5": "62c8175225fd6fda3f09d12103e087a5",
        "size": "16152"
    },
    "ru\\Microsoft.VisualBasic.Forms.resources.dll": {
        "md5": "79d88f4e91f03e9ab58e3621af62414f",
        "size": "26904"
    },
    "ru\\PresentationCore.resources.dll": {
        "md5": "76dd58c0b415fc332f86ebc16ae19d31",
        "size": "138552"
    },
    "ru\\PresentationFramework.resources.dll": {
        "md5": "bfa770574ad8ab1ac0a21b711983e079",
        "size": "257816"
    },
    "ru\\PresentationUI.resources.dll": {
        "md5": "1ec2b59c8c52be09f9406ccf0abdb17e",
        "size": "54584"
    },
    "ru\\ReachFramework.resources.dll": {
        "md5": "2d1cf7dce4ea564368351d22180660ce",
        "size": "44304"
    },
    "ru\\System.Windows.Controls.Ribbon.resources.dll": {
        "md5": "f4fc328193e8a9eacb2f0306b2190339",
        "size": "19736"
    },
    "ru\\System.Windows.Forms.Design.resources.dll": {
        "md5": "cde435180e21315ea81a7293d8dbffbd",
        "size": "163080"
    },
    "ru\\System.Windows.Forms.Primitives.resources.dll": {
        "md5": "1ee1492204cfa24351892ed5095cd153",
        "size": "16664"
    },
    "ru\\System.Windows.Forms.resources.dll": {
        "md5": "cc914e90746b7342594ffa12fc4a2f22",
        "size": "476936"
    },
    "ru\\System.Windows.Input.Manipulations.resources.dll": {
        "md5": "e98a2ad68e225442a185945fddaef496",
        "size": "17168"
    },
    "ru\\System.Xaml.resources.dll": {
        "md5": "9e41be3353a350939831b138db3e7db8",
        "size": "84752"
    },
    "ru\\UIAutomationClient.resources.dll": {
        "md5": "73991ff5ad539311f2711a1606b4dd77",
        "size": "21784"
    },
    "ru\\UIAutomationClientSideProviders.resources.dll": {
        "md5": "4c2cddb3d377f5cd38237ebd8ee8e436",
        "size": "22288"
    },
    "ru\\UIAutomationProvider.resources.dll": {
        "md5": "31fded4127dd69880e61b87444b2b939",
        "size": "15664"
    },
    "ru\\UIAutomationTypes.resources.dll": {
        "md5": "681302e58aa9c45edd86681842eb1a6e",
        "size": "19224"
    },
    "ru\\WindowsBase.resources.dll": {
        "md5": "f047335e1f9388c14e42aa058bc836bf",
        "size": "111920"
    },
    "ru\\WindowsFormsIntegration.resources.dll": {
        "md5": "312549294458b4c4d992167b5db90499",
        "size": "16648"
    },
    "runtimes\\win\\lib\\net8.0\\System.Management.dll": {
        "md5": "72c62b8fed1879c314ba757cb289483d",
        "size": "312600"
    },
    "runtimes\\win-arm64\\native\\WebView2Loader.dll": {
        "md5": "d18bd21907b26ff857e739948eff1087",
        "size": "139856"
    },
    "runtimes\\win-x64\\native\\WebView2Loader.dll": {
        "md5": "c9a5d0f278d57d83a03404b8baeeac64",
        "size": "165968"
    },
    "runtimes\\win-x86\\native\\WebView2Loader.dll": {
        "md5": "7254e511f7bbc49652079d1bb2c737f1",
        "size": "116288"
    },
    "tr\\Microsoft.VisualBasic.Forms.resources.dll": {
        "md5": "49274133eb1c6e9df94c3abfe6cf54c6",
        "size": "25352"
    },
    "tr\\PresentationCore.resources.dll": {
        "md5": "eca0945f8877bc06af765026d1f24c5c",
        "size": "107792"
    },
    "tr\\PresentationFramework.resources.dll": {
        "md5": "a2a0c73939eb35aef4f296a443f8372f",
        "size": "196376"
    },
    "tr\\PresentationUI.resources.dll": {
        "md5": "06f3ff50148487b14ecc0478e9c7c5f9",
        "size": "44832"
    },
    "tr\\ReachFramework.resources.dll": {
        "md5": "629281f2e244b777520983933c742238",
        "size": "38672"
    },
    "tr\\System.Windows.Controls.Ribbon.resources.dll": {
        "md5": "6a6b3717e0816ff12462c417aefa5a36",
        "size": "18704"
    },
    "tr\\System.Windows.Forms.Design.resources.dll": {
        "md5": "5b2948f35c566137ef7a16aaa834fc87",
        "size": "148752"
    },
    "tr\\System.Windows.Forms.Primitives.resources.dll": {
        "md5": "a26346ad83939abd2826451211de9164",
        "size": "16136"
    },
    "tr\\System.Windows.Forms.resources.dll": {
        "md5": "4181fa39b73a7f66c29dc8775329e366",
        "size": "361752"
    },
    "tr\\System.Windows.Input.Manipulations.resources.dll": {
        "md5": "f0fe731ca4dae62494423644cc224159",
        "size": "16664"
    },
    "tr\\System.Xaml.resources.dll": {
        "md5": "9266b1fa16d9dd5cbe8da127f104654b",
        "size": "65288"
    },
    "tr\\UIAutomationClient.resources.dll": {
        "md5": "67d86fa0af6ff408c84220ec9acc3309",
        "size": "20248"
    },
    "tr\\UIAutomationClientSideProviders.resources.dll": {
        "md5": "14d2c6e45185c2e06ce2a90653477412",
        "size": "21256"
    },
    "tr\\UIAutomationProvider.resources.dll": {
        "md5": "3f47a1da8e5e9cd7ce0dd8b3d973824d",
        "size": "15648"
    },
    "tr\\UIAutomationTypes.resources.dll": {
        "md5": "5c111c94dd60fb91b808115cfa1328c2",
        "size": "18744"
    },
    "tr\\WindowsBase.resources.dll": {
        "md5": "b20e5f6744e514c322829006aad061ff",
        "size": "85264"
    },
    "tr\\WindowsFormsIntegration.resources.dll": {
        "md5": "4bc670987cef7caca0da1cdc9dbe2d8b",
        "size": "16184"
    },
    "zh-Hans\\launcher_main.resources.dll": {
        "md5": "07d55578f6ba5abeaef9b7f96a3ca190",
        "size": "25168"
    },
    "zh-Hans\\launcher_updater.resources.dll": {
        "md5": "209aa94c75e4493eafdba1bb49704dd1",
        "size": "26192"
    },
    "zh-Hans\\Microsoft.VisualBasic.Forms.resources.dll": {
        "md5": "25a4d067b4703d4dccc330f4acbd9a1c",
        "size": "25376"
    },
    "zh-Hans\\PresentationCore.resources.dll": {
        "md5": "0016d80df6ab2da7056c995505c4f652",
        "size": "100632"
    },
    "zh-Hans\\PresentationFramework.resources.dll": {
        "md5": "4fd66326167261dad8a79ef3e9c4b857",
        "size": "183560"
    },
    "zh-Hans\\PresentationUI.resources.dll": {
        "md5": "3e9fc2ef00b7df67c1cde2336d4f4044",
        "size": "43288"
    },
    "zh-Hans\\ReachFramework.resources.dll": {
        "md5": "9b7df5b80ab0acde1a88c3d2d08722e5",
        "size": "37136"
    },
    "zh-Hans\\System.Windows.Controls.Ribbon.resources.dll": {
        "md5": "06da5746b06f86a5942eb5f82881e06e",
        "size": "18704"
    },
    "zh-Hans\\System.Windows.Forms.Design.resources.dll": {
        "md5": "62db61a40978128e45bc4f78edd37f13",
        "size": "145176"
    },
    "zh-Hans\\System.Windows.Forms.Primitives.resources.dll": {
        "md5": "e9da19f5f1dbab704cf9d900cb14efd7",
        "size": "16136"
    },
    "zh-Hans\\System.Windows.Forms.resources.dll": {
        "md5": "96f73f48bdffa8ddeb334b9fa893a9de",
        "size": "319760"
    },
    "zh-Hans\\System.Windows.Input.Manipulations.resources.dll": {
        "md5": "d474b0ae1417ed8bdfb4cea59096e57b",
        "size": "16688"
    },
    "zh-Hans\\System.Xaml.resources.dll": {
        "md5": "80f1c23746a6cdc18a9c4857b37b8da6",
        "size": "61192"
    },
    "zh-Hans\\UIAutomationClient.resources.dll": {
        "md5": "5f9a1045212efd396930defe6f5883eb",
        "size": "19768"
    },
    "zh-Hans\\UIAutomationClientSideProviders.resources.dll": {
        "md5": "0171c31fb8e07100747bf03ceb1290c4",
        "size": "20760"
    },
    "zh-Hans\\UIAutomationProvider.resources.dll": {
        "md5": "ad364b572aef3ad72f55db63a3fc83f4",
        "size": "15624"
    },
    "zh-Hans\\UIAutomationTypes.resources.dll": {
        "md5": "605431bc0d18db2fb10a464a4873679c",
        "size": "18696"
    },
    "zh-Hans\\WindowsBase.resources.dll": {
        "md5": "de0a6e9c53ddd1186a52ee5f2d4dd202",
        "size": "79120"
    },
    "zh-Hans\\WindowsFormsIntegration.resources.dll": {
        "md5": "9e9baff952a3135fc57c4789427f6c55",
        "size": "16136"
    },
    "zh-Hant\\launcher_main.resources.dll": {
        "md5": "f4b0a75893c4879e73f0a879e25f74b8",
        "size": "25168"
    },
    "zh-Hant\\launcher_updater.resources.dll": {
        "md5": "2e2483a3b91b1f6dee271b24b71d23a5",
        "size": "26192"
    },
    "zh-Hant\\Microsoft.VisualBasic.Forms.resources.dll": {
        "md5": "7596bbb65994f706ab225b9b6838370d",
        "size": "25360"
    },
    "zh-Hant\\PresentationCore.resources.dll": {
        "md5": "783228e31b28b125fe7c9a32322192f4",
        "size": "101640"
    },
    "zh-Hant\\PresentationFramework.resources.dll": {
        "md5": "3b954f4a5feaf8aeaf5f01c7d2343979",
        "size": "184072"
    },
    "zh-Hant\\PresentationUI.resources.dll": {
        "md5": "b058bee3606529428110f98d1e7423d1",
        "size": "43288"
    },
    "zh-Hant\\ReachFramework.resources.dll": {
        "md5": "99504243c9f3466e2c46ceb75c460455",
        "size": "37640"
    },
    "zh-Hant\\System.Windows.Controls.Ribbon.resources.dll": {
        "md5": "167aec36bfc3d577af1dbd52f25e70b6",
        "size": "18712"
    },
    "zh-Hant\\System.Windows.Forms.Design.resources.dll": {
        "md5": "7053cce8d2fbf1d343f7bac1312a541c",
        "size": "145176"
    },
    "zh-Hant\\System.Windows.Forms.Primitives.resources.dll": {
        "md5": "5b50d93282eb65e950c9944c7506b021",
        "size": "16136"
    },
    "zh-Hant\\System.Windows.Forms.resources.dll": {
        "md5": "80f6eb4690bbf3222ab9c4e57a80ddd4",
        "size": "325408"
    },
    "zh-Hant\\System.Windows.Input.Manipulations.resources.dll": {
        "md5": "bc5ab1aee272b6f87fdb6cd32f047e3a",
        "size": "16672"
    },
    "zh-Hant\\System.Xaml.resources.dll": {
        "md5": "ed6e0040c0c1bdc4be1f6a67533776f8",
        "size": "60720"
    },
    "zh-Hant\\UIAutomationClient.resources.dll": {
        "md5": "7c80a65bf042d7fc5c877d46c4cf0589",
        "size": "19760"
    },
    "zh-Hant\\UIAutomationClientSideProviders.resources.dll": {
        "md5": "b8d70b508fbb5380e6da8d3255c498c2",
        "size": "20744"
    },
    "zh-Hant\\UIAutomationProvider.resources.dll": {
        "md5": "7a9ea7447c92a9c0a02a9c7c664d7bbe",
        "size": "15632"
    },
    "zh-Hant\\UIAutomationTypes.resources.dll": {
        "md5": "8fae78fd1a7c80405e1854906cf7713a",
        "size": "18712"
    },
    "zh-Hant\\WindowsBase.resources.dll": {
        "md5": "02bbfbeb908ac40c0a963fce513b3e16",
        "size": "80664"
    },
    "zh-Hant\\WindowsFormsIntegration.resources.dll": {
        "md5": "01643e226bd0eaf54a506f6129ee727b",
        "size": "16152"
    }
}